,track_name,track_artist
0,No Regrets,James Reeder
1,Wild Life,James Reeder
2,Fangs,James Reeder
3,Afterburner,James Reeder
4,Hellfire Rising,James Reeder
5,Hurricane,James Reeder
6,Trapdoor,James Reeder
7,Demon,James Reeder
8,Rusty Barracuda,James Reeder
9,Night on Fire,James Reeder
10,Kentucky Banshee,James Reeder
11,The Devil in a Long Black Lincoln,James Reeder
12,Satania,James Reeder
13,Stupid Girl,Cold
14,Stupid Girl - Life So Long Mix,Cold
15,Essence,TG
16,Gravity's Rainbow - Soulwax Remix,Klaxons
17,How You Do It,TG
18,Pa' Gozar,Gilles Peterson's Havana Cultura Band
19,Arroz Con Pollo,Gilles Peterson's Havana Cultura Band
20,Roforofo Fight (feat. Mayra Caridad Valdés),Gilles Peterson's Havana Cultura Band
21,"Ipacuba (feat. Danay Suárez, Francis Del Río, Vince Vella & Julio Padrón)",Gilles Peterson's Havana Cultura Band
22,"La Revolución Del Cuerpo, Pt. 1 (feat. Ogguere, Danay Suárez & Obsesión)",Gilles Peterson's Havana Cultura Band
23,"La Revolución Del Cuerpo, Pt. 2 (feat. Roberto Fonseca)",Gilles Peterson's Havana Cultura Band
24,Lágrimas De Soledad (No Existen Palabras) [feat. Danay Suárez],Gilles Peterson's Havana Cultura Band
25,Think Twice (feat. Danay Suarez & Obsesión),Gilles Peterson's Havana Cultura Band
26,Chekere Son (feat. Mayra Caridad Valdés),Gilles Peterson's Havana Cultura Band
27,Afrodisia,Gilles Peterson's Havana Cultura Band
28,Mami,Gilles Peterson's Havana Cultura Band
29,Rezando,Gilles Peterson's Havana Cultura Band
30,La Revolución Del Cuerpo,Ogguere
31,Listos 'Pa La Lucha,Free Hole Negro
32,La Perla Del Son,Wichy de Vedado
33,Candao Cerrao,Yusa
34,Acompáñanos,Kumar
35,Me Lastimas,Obsesión
36,Individual,Danay Suárez
37,Pasa El Borrador,Los Aldeanos
38,Amor Internacional,Doble Filo
39,Por Un Milagro,Cubanito 20.02
40,Sentimiento,Francis del Río
41,Que Tú Te Crees (feat. Pepito),Doble Filo
42,Puñalá,Descemer Bueno
43,Spiritual Sin Egoísmo,Telmary
44,La Jungla,Harold López-Nussa
45,Hoy,Fiel A La Vega
46,Bogeyman,Dan Griffith
47,Que Se Quede Contigo,Flor De Tabaco
48,Beso A Beso,Flor De Tabaco
49,Le Nacen Alas,Flor De Tabaco
50,Todos Los Hombres Son Iguales,Flor De Tabaco
51,Cobarde,Flor De Tabaco
52,Tu Amor Es Mi Delirio,Flor De Tabaco
53,Amame Toda La Noche,Flor De Tabaco
54,Coraje,Flor De Tabaco
55,"Te Amo Tanto, Tanto",Flor De Tabaco
56,Crazy For Your Love,Flor De Tabaco
57,Arrepentido,Flor De Tabaco
58,Cobarde - Balada,Flor De Tabaco
59,Reality - MÖWE Radio Edit,Lost Frequencies
60,Reality - Androma Radio Edit,Lost Frequencies
61,Reality - Hitimpulse Remix,Lost Frequencies
62,Inside Of Me,TG
63,Yüce Dag Basinda,Altin Gün
64,Killas Wit Me,Chv TopSoulja
65,Petty Ma,Chv TopSoulja
66,See What I See,Chv TopSoulja
67,Free Gizmo,Chv TopSoulja
68,1-4 Wards,Chv TopSoulja
69,Double R,Chv TopSoulja
70,Opp Baby Muva,Chv TopSoulja
71,Drac Bust,Chv TopSoulja
72,We On The Wrong Way,Chv TopSoulja
73,Who We Are,Chv TopSoulja
74,Off The Top,Chv TopSoulja
75,Solider Flow,Chv TopSoulja
76,C4,Chv TopSoulja
77,J Dance,Dan Griffith
78,It's In Everyone Of Us,David Pomeranz
79,Thea,David Pomeranz
80,Tryin To Get The Feeling Again,David Pomeranz
81,The Hit Song Of All Time,David Pomeranz
82,Flying,David Pomeranz
83,Greyhound Mary,David Pomeranz
84,If You Walked Away,David Pomeranz
85,High Together,David Pomeranz
86,Home To Alaska,David Pomeranz
87,Clarence,David Pomeranz
88,Pay No Mind,Ian Moore
89,Satisfied,Ian Moore
90,Deliver Me,Ian Moore
91,"Blue Sky / Abraham, Martin & John",Ian Moore
92,Me and My Guitar,Ian Moore
93,"Trilogy: The Sunlit Path / La Mere De La Mer / Tomorrow's Story Not the Same - Live in Central Park, New York, NY - August 1973",Mahavishnu Orchestra
94,"Sister Andrea - Live in Central Park, New York, NY - August 1973",Mahavishnu Orchestra
95,"Dream - Live in Central Park, New York, NY - August 1973",Mahavishnu Orchestra
96,Triple Sevens,Blackjesus Yoshua
97,Air Dry Her,Blackjesus Yoshua
98,Warrior Lahmu,Blackjesus Yoshua
99,All the Game,Blackjesus Yoshua
100,Skunkdafunk,Blackjesus Yoshua
101,Big Rapids Theme,Blackjesus Yoshua
102,Shaitanic Books,Blackjesus Yoshua
103,Bowling Pins,Blackjesus Yoshua
104,Neo's New Bass City,Blackjesus Yoshua
105,Doctor Doug's Experiment,Blackjesus Yoshua
106,Native American Property,Blackjesus Yoshua
107,Mind of a Criminal,Blackjesus Yoshua
108,My Loving Spirit,Blackjesus Yoshua
109,Demontime,757babyglock
110,Don't Leave Me,Yung Shadøw
111,Magic,The Cars
112,I Refuse,The Cars
113,Frosty Night,KingJa
114,Ire,KayFresh
115,E-Cumbia,Noob_Memeus
116,Bravi Ragazzi (Bravo Muchachos),Miguel Bosé
117,Ce la fai,Miguel Bosé
118,Olympic Games (Voy A Ganar),Miguel Bosé
119,Credo En Ti,Miguel Bosé
120,Piu' Sexy,Miguel Bosé
121,Anna (Ana),Miguel Bosé
122,Metropoli (Metropolis),Miguel Bosé
123,Indio,Miguel Bosé
124,Ti Amero' (Te Amarè),Miguel Bosé
125,Miraggi,Miguel Bosé
126,Al Di La' (Mas Allà),Miguel Bosé
127,Súper Supermán,Miguel Bosé
128,Buona Notte Fiorellino,Miguel Bosé
129,Gente Come Noi,Miguel Bosé
130,Sono Amici (Son Amigos),Miguel Bosé
131,Che Sia,Miguel Bosé
132,Crossing Stars,DXM
133,"The Torn, Withered, and Self Medicated",DXM
134,A Concious Action,DXM
135,The Virus,DXM
136,Surrender,DXM
137,Cien Abriles,Guardianes Del Amor
138,Amor Se Escribe Con Llanto,Guardianes Del Amor
139,"El Perro, el Gato y Yo",Guardianes Del Amor
140,Palabras Tristes,Guardianes Del Amor
141,Corazón Romántico,Guardianes Del Amor
142,Adios Con Adios Se Paga,Guardianes Del Amor
143,Mi Tesoro,Guardianes Del Amor
144,Un Pedazo de Luna,Guardianes Del Amor
145,Los Ángeles Lloran,Guardianes Del Amor
146,Dejame Secar Tus Lagrimas,Guardianes Del Amor
147,Winter’s Beach,Django Django
148,Sand Dunes,Django Django
149,Swimming at Night,Django Django
150,Flash Forward,Django Django
151,Ghost Rider,Django Django
152,Blue Hazy Highs,Django Django
153,Luck,Appleby
154,Flower of Passion,Blackjesus Yoshua
155,Shinnindo's Mare,Blackjesus Yoshua
156,Scaler Warfare,Blackjesus Yoshua
157,Othello's Last Winter,Blackjesus Yoshua
158,Nuclear Winter Blues,Blackjesus Yoshua
159,Hey Bo Grover,Blackjesus Yoshua
160,Go Outside,Blackjesus Yoshua
161,The Automotons,Blackjesus Yoshua
162,Baked Beans,Blackjesus Yoshua
163,Angers Angel,Blackjesus Yoshua
164,Zap These Roaches,Blackjesus Yoshua
165,True Enough,Alex Alavi
166,We Are 2,Alex Alavi
167,El Principio Del Infierno,Alfredo Olivas
168,East,Neo Soulstress
169,North,Neo Soulstress
170,South,Neo Soulstress
171,West,Neo Soulstress
172,New Moon - Reprise (V2.1),American Film Orchestra
173,Fur Elise (V2.1),American Film Orchestra
174,Excerpts From Moon,American Film Orchestra
175,Come Away With Me,American Film Orchestra
176,The Memory Of Trees,American Film Orchestra
177,Orinoco Flow,American Film Orchestra
178,"Adagio For Strings, Op. 11 (Main Theme)",American Film Orchestra
179,May It Be,American Film Orchestra
180,The Gift,American Film Orchestra
181,The Love I Found In You,American Film Orchestra
182,Bella's Lullaby (A River Flows In You),Taliesin Orchestra
183,iT,Christine and the Queens
184,Saint Claude (Version Française),Christine and the Queens
185,Tilted,Christine and the Queens
186,Narcissus Is Back,Christine and the Queens
187,The Loving Cup,Christine and the Queens
188,Why so Serious 2,Tha Joker
189,Eyes Close,Tha Joker
190,Delta,Tha Joker
191,Random,Tha Joker
192,Gym,Tha Joker
193,Blow Stacks,Tha Joker
194,Cant Come Down,Tha Joker
195,Imagine,Tha Joker
196,Come Around,Tha Joker
197,Throw It Up,Tha Joker
198,So Dam Fine,Tha Joker
199,Home Again,Tha Joker
200,Radio,Nick Howard
201,I Don't Need You,Nick Howard
202,Out of My Head,Nick Howard
203,Fight,Nick Howard
204,Carry You,Nick Howard
205,Satellites,Nick Howard
206,Life,Nick Howard
207,Gone for Good,Nick Howard
208,Good Man,Nick Howard
209,"Mariposa, Borboleta",Nick Howard
210,Wonderful World,Nick Howard
211,Don't Wanna Go Home,Nick Howard
212,Heart of Gold,Nick Howard
213,Fight (Acoustic Version),Nick Howard
214,Carry You (Acoustic Version),Nick Howard
215,One,The New Seekers
216,Allright My Love,The New Seekers
217,Ain't Love Easy,The New Seekers
218,Blackberry Way,The New Seekers
219,When There's No Love Left,The New Seekers
220,Your Song,The New Seekers
221,"Look What They've Done to My Song, Ma",The New Seekers
222,Cincinnati,The New Seekers
223,Eighteen Carat Friend (aka Friends),The New Seekers
224,Beautiful People,The New Seekers
225,I'll Be Home,The New Seekers
226,Never Ending Song of Love,The New Seekers
227,This Sux,Whiskey Child
228,Feel Like Gettin' Drunk,Whiskey Child
229,Couldn't Care Less,Whiskey Child
230,You Forgot About Me,Whiskey Child
231,Whiskey Child,Whiskey Child
232,Feel Like Gettin' Drunk (Acoustic Version),Whiskey Child
233,This Sux (Instrumental Version),Whiskey Child
234,Feel Like Gettin' Drunk (Instrumental Version),Whiskey Child
235,Feel Like Gettin' Drunk (Acoustic Instrumental Version),Whiskey Child
236,In Darkness,Noob_Memeus
237,Gracias Mau5,Noob_Memeus
238,1979 Pinto Droptop,Blackjesus Yoshua
239,Unlike Me,Blackjesus Yoshua
240,Amaru Muru's Conquest,Blackjesus Yoshua
241,Unfinished Dream,Blackjesus Yoshua
242,Smokie and Barry,Blackjesus Yoshua
243,Autumns Last Dance,Blackjesus Yoshua
244,Ogo's Egg,Blackjesus Yoshua
245,Babylon Burning,Blackjesus Yoshua
246,Notachance,Blackjesus Yoshua
247,But I'm Still Hot,Blackjesus Yoshua
248,Next of Kin,Blackjesus Yoshua
249,Egyptian Pharoah,Blackjesus Yoshua
250,Natures Science Fair,Blackjesus Yoshua
251,Family Ties,Blackjesus Yoshua
252,Lock and Key,Blackjesus Yoshua
253,Freak the Funk,Blackjesus Yoshua
254,Cloak of Riddles,Lugosi Smile
255,Jade,Lugosi Smile
256,Shadomasuku,Lugosi Smile
257,This Wild Darkness - Remix1,Moby
258,This Wild Darkness - Sunrise Mix,Moby
259,This Wild Darkness - CYA Remix Edit,Moby
260,This Wild Darkness - CYA Remix,Moby
261,"These Arms of Mine - Live at the Apollo Theater, New York",Otis Redding
262,"Pain in My Heart - Live at the Apollo Theater, New York",Otis Redding
263,Mr. Pitiful,Otis Redding
264,Try a Little Tenderness,Otis Redding
265,(Sittin' On) the Dock of the Bay,Otis Redding
266,"Fuck Bitches, Get Money - En vivo",La Contraseña
267,El Mismo de Antes - En vivo,La Contraseña
268,El Cuate - En vivo,La Contraseña
269,El Eddy - En vivo,La Contraseña
270,Intro,Entrails of a Virgin
271,Straight Sledge,Entrails of a Virgin
272,Whoreship,Entrails of a Virgin
273,The Irony of Being a Werewolf,Entrails of a Virgin
274,Hell Blaze,Entrails of a Virgin
275,A Shattered Scene,Dan Griffith
276,In a Cave,Kitchens Of Distinction
277,Time to Groan,Kitchens Of Distinction
278,Shiver,Kitchens Of Distinction
279,Prize,Kitchens Of Distinction
280,The 3rd Time We Opened the Capsule,Kitchens Of Distinction
281,Her Last Day in Bed,Kitchens Of Distinction
282,"Courage, Mother",Kitchens Of Distinction
283,Mainly Mornings,Kitchens Of Distinction
284,Hammer,Kitchens Of Distinction
285,I Did This All Myself,Dan Griffith
286,Man Who Sold The World,Jordis
287,Dead Bird Blues,Daniel Phillips
288,Lotta Money,Diamond
289,Broken Promises,Bubby Galloway
290,Yall Ain't Widdit,Joey Tapz
291,Did It My Way (feat. Devunta & Mia Gonzalez),Ray Smith
292,Good Love (feat. Peanut),Ray Smith
293,Black Sheep in the Ghetto,Ray Smith
294,No Justice,Ray Smith
295,Blue Skies (feat. Muze),Ray Smith
296,The Call,Ray Smith
297,Hometown Love (feat. Lee Lonn),Ray Smith
298,Cooler Than the Cold Side (feat. Sub/Cat),Ray Smith
299,Savannah (feat. Motion Hotel),Ray Smith
300,Hero (feat. Wasila),Ray Smith
301,Glorybound,Poco
302,Blue And Gray,Poco
303,Streets Of Paradise,Poco
304,The Writing On The Wall,Poco
305,Down On The River Again,Poco
306,Please Wait For Me,Poco
307,Widowmaker - Single Version,Poco
308,Here Comes That Girl Again,Poco
309,Sometimes (We Are All We Got),Poco
310,The Land Of Glory,Poco
311,Sweet Dreams (Are Made Of This),Automatic
312,Kids In America,Tiffany
313,Heart & Soul - Live,T'Pau
314,Fight The Power,Vanilla Ice
315,You Give Love A Bad Name,Kelly Hansen
316,Send Me An Angel,Zeromancer
317,Home Sweet Home,Leif Garrett
318,Pride (In The Name Of Love),Razed In Black
319,The Killing Moon,Eva O
320,Rag Doll,Ted Nugent
321,Like A Virgin (LCD Mix),Bow Wow Wow
322,Hot For Teacher,John Corabi
323,Heaven Knows I'm Miserable Now,Sweet And Tender Hooligans
324,Fascination Street,Godhead
325,Stripped,Shiny Toy Guns
326,If I Could Turn Back Time,Kat Parsons
327,Our House,Fishbone's Angelo Moore
328,Sharp Dressed Man,Molly Hatchet
329,Photograph,Jani Lane
330,Welcome To The Jungle,Kevin Dubrow
331,Eye Of The Tiger,Great White
332,Blue Monday,Lick
333,Sex Dwarf,Dirty Sanchez
334,Electricity,Apoptygma Berzerk
335,Rock You Like A Hurricane,Kelly Hansen
336,Lullaby,Leæther Strip
337,Livin' On A Prayer,Bulletboys
338,Material Girl,KMFDM
339,Never Let Me Down Again,Tre Lux
340,Legs,Artimus Pyle
341,A Little Respect,Element
342,Panama,Jani Lane
343,Rock of Ages,Kelly Hansen
344,Bizarre Love Triangle,Judson Leach
345,Tainted Love,Ambra Red
346,Still Loving You,George Lynch
347,With Or Without You,Heaven 17
348,Sweet Child O’ Mine,Jizzy Pearl
349,Living On Video,Leæther Strip
350,Sky Blue,Mahtie Bush
351,I Am the One,Mahtie Bush
352,Future,Mahtie Bush
353,Matrixxx,Mahtie Bush
354,Beware Beware,Mahtie Bush
355,Soft Break 2.0,Mahtie Bush
356,At the Hotel,Mahtie Bush
357,Dove,Mahtie Bush
358,Drummer Some,Mahtie Bush
359,Who's the Killer?,Mahtie Bush
360,Outro,Mahtie Bush
361,Bigger Picture,Lil AD
362,Been Kobe,Lil AD
363,Break,Lil AD
364,On Me,Lil AD
365,Freestyle,Lil AD
366,Slight Vent,Lil AD
367,Skit : We Outside,Lil AD
368,Like That,Lil AD
369,BandMan2,Lil AD
370,The Real,Lil AD
371,Decline,Lil AD
372,Hang Out,Lil AD
373,We The Ones,Lil AD
374,TrueVent,Lil AD
375,Outro,Lil AD
376,Lookin' Like,Q Da Halftime Show
377,Killing Another,Coaltar Of The Deepers
378,Amethyst (Revenge),Coaltar Of The Deepers
379,Your Melody (Revenge),Coaltar Of The Deepers
380,Earth Thing,Coaltar Of The Deepers
381,Summer Days (Revenge),Coaltar Of The Deepers
382,Snow (Revenge),Coaltar Of The Deepers
383,Blink (Revenge),Coaltar Of The Deepers
384,The Visitors (Revenge),Coaltar Of The Deepers
385,Te Daría Mi Vida,Paulina Rubio
386,Mío,Paulina Rubio
387,Amor De Mujer,Paulina Rubio
388,Enamorada,Paulina Rubio
389,Despiértate,Paulina Rubio
390,Él Me Engañó,Paulina Rubio
391,Sangre Latina,Paulina Rubio
392,Miel Y Sal,Paulina Rubio
393,Vuelve Junto A Mí,Paulina Rubio
394,Solo Por Ti,Paulina Rubio
395,Bésame En La Boca,Paulina Rubio
396,Tú Y Yo,Paulina Rubio
397,Pobre Niña Rica,Paulina Rubio
398,Hoy Te Deje De Amar,Paulina Rubio
399,Sola,Paulina Rubio
400,Si Te Marchas Con Otra,Paulina Rubio
401,Sabor A Miel,Paulina Rubio
402,Abriendo Las Puertas Al Amor,Paulina Rubio
403,Nada Puedes Hacer,Paulina Rubio
404,Maldito Amor,Paulina Rubio
405,The Journey Begins,Harford
406,A Dance Of Love,Harford
407,Stiff Competition,Harford
408,Stepping On Toes,Harford
409,The Right Path,Harford
410,Uneven Circles,Harford
411,Partner,Harford
412,A Slow Seduction,Harford
413,Waiting In Line,Harford
414,Tango For Two,Harford
415,Estoy Impulsado Por El Sol (powered by the sun),Blackjesus Yoshua
416,Estoy Poniendo Pipa (laying pipe),Blackjesus Yoshua
417,Estado Mental Como Arma (weaponized mindstate),Blackjesus Yoshua
418,La Terrible Verdad (the awful truth),Blackjesus Yoshua
419,Este Espejo De Mentes (this mirror of minds),Blackjesus Yoshua
420,Ciento Veinte Voy a Contar (count to 120),Blackjesus Yoshua
421,Viejos Me Xi (old Me Xi people),Blackjesus Yoshua
422,Lavarse la Boca (wash yo mouth),Blackjesus Yoshua
423,Desliza Bolas en tus Mandíbulas (slide balls in your jaws),Blackjesus Yoshua
424,About to Blow,Apache Chief
425,About to Blow - Radio Edit,Apache Chief
426,About to Blow - Instrumental,Apache Chief
427,Mean Old Fireman (Live),Mean Old Fireman & the Cruel Engineers
428,GLOCK,Philly Heat
429,Ratchet Life Freestyle,GreenEyez
430,Spell,Radio Base
431,Ain't No Love (feat. Melain),Radio Base
432,Hokey Pokey (feat. King Tiy & Too $hort),Radio Base
433,Bad One (feat. King Tiy),Radio Base
434,Naked,Radio Base
435,Cannabis,Finestyle
436,Intro.,J-Dooly
437,Angela.,J-Dooly
438,Let Me Tell You Pt. 2,J-Dooly
439,Lifes-Amazing.,J-Dooly
440,"I'm Winning, I'm Winning, Pt. 2",J-Dooly
441,Wont Be The Same.,J-Dooly
442,Doing My Thang.,J-Dooly
443,How I Live.,J-Dooly
444,"Life-Unit, Not Like Me, Pt. 2",J-Dooly
445,Outro.,J-Dooly
446,Yards and Yards,Infinite Nylon
447,Clumsy,Infinite Nylon
448,Left Away,Infinite Nylon
449,Distance After,Infinite Nylon
450,Leverage,Infinite Nylon
451,Morning Dream,Infinite Nylon
452,Small City Love,Infinite Nylon
453,Retrograde,Infinite Nylon
454,Sundry Items,Infinite Nylon
455,Veiled Form,Infinite Nylon
456,Truth or Dare,Infinite Nylon
457,Vestiges,Infinite Nylon
458,Wandering Whale,Infinite Nylon
459,Virtue Traded,Infinite Nylon
460,Xi,Infinite Nylon
461,Wisdom,Infinite Nylon
462,Big Moments,Infinite Nylon
463,Original,Josh Swish
464,Diamonds,Josh Swish
465,Green Sweets,Josh Swish
466,Mango,Josh Swish
467,Black,Josh Swish
468,Strawberry,Josh Swish
469,Grape,Josh Swish
470,Peach,Josh Swish
471,Blueberry,Josh Swish
472,Chocolate,Josh Swish
473,Tropical Fusion,Josh Swish
474,Hugh Heff,Chuck Maguire
475,Free FB (Intro),Fast Money Neph
476,Reaper Music,Fast Money Neph
477,Business,Fast Money Neph
478,10N,Fast Money Neph
479,Fast Flow,Fast Money Neph
480,Hittin,Fast Money Neph
481,Clueless,Fast Money Neph
482,"Fast Story, Pt. 1",Fast Money Neph
483,Fully,Fast Money Neph
484,Through the City,Fast Money Neph
485,Active,Fast Money Neph
486,Lurkin,Fast Money Neph
487,Money Counter Music,Fast Money Neph
488,Who is Fast?,Fast Money Neph
489,Super Max Zombie,Titobeats
490,Trick or Treat,Titobeats
491,Spooky,Titobeats
492,Nightcrawler,Titobeats
493,Crazy,Titobeats
494,Courage,Titobeats
495,Selfless,Titobeats
496,7 Deadly Sins,Titobeats
497,Anarchy,Titobeats
498,Analog Nightmare,Titobeats
499,Castlevania,Titobeats
500,Chants,Titobeats
501,Draculette,Titobeats
502,Zuma Beach,Harris Hausen
503,Surf,Harris Hausen
504,Midnight Tide,Harris Hausen
505,Spanish Surf,Harris Hausen
506,Hot Rod,Harris Hausen
507,Motor,Harris Hausen
508,Mas Chingon (feat. Benny Tarantino),Big Rome
509,I (EyE),MK Virgo
510,The Introduction,Da Brat
511,Survivor (feat. Da Brat) - Remix - Extended Version,Destiny's Child
512,Boom,"Royce Da 5'9"""
513,What We Gonna Do,Rah Digga
514,If Looks Could Kill (You Would Be Dead),Beyoncé
515,Cards Never Lie,Beyoncé
516,The Last Great Seduction,Beyoncé
517,B.L.A.Z.E.,Casey Lee
518,Black & Blue,Mos Def
519,Stop That!,Beyoncé
520,Blaze Finale,Casey Lee
521,Immortal Beloved (Outro),Da Brat
522,"Bootylicious feat. Missy Elliot (Remix) (feat. Missy ""Misdemeanor"" Elliott) - Rockwilder Remix",Destiny's Child
523,Ride With a Loc,Whosthahottest
524,Power,Alei Islah
525,Ratchet Shit,Alei Islah
526,STRIPPER SEASON,Alei Islah
527,Move Bitch,Alei Islah
528,Hoochie Mami,Alei Islah
529,Back n Forth,Alei Islah
530,Throw that Ass,Alei Islah
531,Only Fans,Alei Islah
532,Chanel,Alei Islah
533,Shake That Ass,Alei Islah
534,I'm A Boss,Alei Islah
535,Poppin,Alei Islah
536,Run It Up,Alei Islah
537,Posse Up,Techniec
538,Bad Things - The Theme From 'True Blood',Jace Everett
539,Anywhere You Wanna Go - Alt. Version,Yung Shadøw
540,Now She Mad,Tsar Kangroo
541,My Pet Cat Ate the Last Brownie,Tsar Kangroo
542,I Can't Remember What It Feels Like to Be Happy,Tsar Kangroo
543,"Gvsu, Who?",Tsar Kangroo
544,Fast Song,Tsar Kangroo
545,2020 (System Failure),Tsar Kangroo
546,Hopeless Poisson,Tsar Kangroo
547,"1,000 or 1000",Tsar Kangroo
548,France,Tsar Kangroo
549,We Will Never Understand,Tsar Kangroo
550,10 Commandments,Cannaboy
551,Stand Back,Cannaboy
552,What It Do,Cannaboy
553,Girls Girls,Cannaboy
554,Can‘t Wait,Cannaboy
555,When I Win I Lose,Cannaboy
556,Drugs Thugs,Cannaboy
557,What You Know About,Cannaboy
558,Tongue Kisses,Cannaboy
559,Girls Girls - Remix,Cannaboy
560,When I Win I Lose Country Mix - Remix,Cannaboy
561,Rock Out,Whosthahottest
562,Pensamientos Positivos,Estudiar Bien
563,A Year and a Day,Raphaël Novarina
564,Relaxation,Workchill
565,Avril,Raphaël Novarina
566,Brain Power,Workchill
567,Notre envol,Raphaël Novarina
568,Lago di garda,Raphaël Novarina
569,Serenity,Workchill
570,Harmony,Study Help
571,Chill,Study Help
572,Relaxing Music,Study Help
573,Focus,Study Solution
574,Soft Piano,Piano Deep Relax
575,Brain Power,Study Solution
576,Work,Study Solution
577,Study Better,Study Better
578,Zen,Workchill
579,Harmony,Workchill
580,Study,Workchill
581,Relax,Study Better
582,Peaceful Piano,Study Better
583,Study Now,Study Help
584,Chillout,Workchill
585,Concentration,Study Solution
586,Chill,Workchill
587,Soft Piano,Study Better
588,Zen,Study Better
589,Relaxation,Study Solution
590,Memory,Study Success
591,Sleep,Study Better
592,Peaceful Piano,Study Solution
593,Concentration,Study Help
594,Chill,Study Better
595,Piano Relajante,Study Help
596,Brain Food,Study Solution
597,Workchill,Workchill
598,Story,Piano Deep Relax
599,Success,Study Success
600,Concentration,Piano Deep Relax
601,Relaxation,Study Better
602,Study,Study Solution
603,Deep Focus,Study Help
604,Days,Piano Deep Relax
605,Dormir,Estudiar Bien
606,Inner Focus,Piano Deep Relax
607,Better Learning,Study Solution
608,Home,Piano Deep Relax
609,Brain Power,Study Time
610,Soft Relax,Piano Deep Relax
611,Sleep and Relax,Piano Deep Relax
612,5g Tower,Finestyle
613,Greedy Girl,CiRcUs LiBeRtY
614,Madman,Conjecture City
615,Digital Hate,Conjecture City
616,Sunrise,Conjecture City
617,The Cuteness,Conjecture City
618,Realism,Conjecture City
619,Connection,Conjecture City
620,Drowning In Success,Conjecture City
621,Where's My Party,Conjecture City
622,Eternal Education,Conjecture City
623,Procrastination,Conjecture City
624,Identity,Alei Islah
625,CIRCUMSTANCES,Alei Islah
626,Frozen,Alei Islah
627,BOO,Alei Islah
628,CARE,Alei Islah
629,Soul Wide Open,Alei Islah
630,If Walls Could Talk,Alei Islah
631,Toxic Love,Alei Islah
632,Bright Side,Alei Islah
633,Ain't Worried Bout Shit,Alei Islah
634,Shawty,Alei Islah
635,Thug Cry,Alei Islah
636,GANG,Alei Islah
637,Púdrete en la Tristeza,The Homeboyz
638,The Resolution,Jack's Mannequin
639,ZeRoS,Young Gstar
640,Burghölzli,Howard Shore
641,Miss Spielrein,Howard Shore
642,Galvanometer,Howard Shore
643,Carriage,Howard Shore
644,He's Very Persuasive,Howard Shore
645,Sabina,Howard Shore
646,Otto Gross,Howard Shore
647,A Boat with Red Sails,Howard Shore
648,Siegfried,Howard Shore
649,Freedom,Howard Shore
650,End of the Affair,Howard Shore
651,Letters,Howard Shore
652,Confession,Howard Shore
653,Risk My Authority,Howard Shore
654,Vienna,Howard Shore
655,Only One God,Howard Shore
656,Something Unforgivable,Howard Shore
657,Reflection,Howard Shore
658,Siegfried Idyll,Howard Shore
659,Jim Beam,Midnight River Choir
660,Mountain Top,Midnight River Choir
661,Back Down to Broke,Midnight River Choir
662,Thinkin About,Midnight River Choir
663,Loving You,Midnight River Choir
664,Fools of Love,Midnight River Choir
665,Mexico or Never,Midnight River Choir
666,Rather Love a Memory,Midnight River Choir
667,Still in Love With You (Call Me a Fool),Midnight River Choir
668,Rock & Roll Shoes (feat. Steve Littleton),Midnight River Choir
669,You Broke Another Heart Tonight,Midnight River Choir
670,Forever Scarred (Intro),Deuce 2much
671,Ynic,Deuce 2much
672,Bitch Wait,Deuce 2much
673,Hold on,Deuce 2much
674,Emotionally Reminiscing,Deuce 2much
675,May 29th,Deuce 2much
676,Baefriend,Deuce 2much
677,Dawg Shit,Deuce 2much
678,Court Appearances,Deuce 2much
679,Head On Collision,New Found Glory
680,Hit Or Miss,New Found Glory
681,Hit The Floor,Lil Sinn
682,Cold Nightmare,Bollobas
683,Reckless Pleasure,Bollobas
684,Wisdom In the Sun,Bollobas
685,The Missing Town,Bollobas
686,Everybody Needs at Least One Friendship,Bollobas
687,Envy to Go,Bollobas
688,Staring at My Heart,Bollobas
689,Alcoholic Limo,Bollobas
690,Overt Fox,Bollobas
691,Information Is My Favorite Game,Bollobas
692,Duce in My Sprite,Babyface Bizzy
693,Racks,Slumm Prince
694,Brand New,Slumm Prince
695,Walk Through,Slumm Prince
696,Make Me,Slumm Prince
697,Need a Drank,Slumm Prince
698,Thinking About You,Slumm Prince
699,Riding Solo,Slumm Prince
700,A Real One,Slumm Prince
701,No Justice,Slumm Prince
702,Hit Diffrent,Slumm Prince
703,Lose Hope,Slumm Prince
704,Prove It,Slumm Prince
705,Vent,Slumm Prince
706,Energy,Slumm Prince
707,All Night,Slumm Prince
708,Mobbing,Slumm Prince
709,How I'm Living,Slumm Prince
710,To Turnt,Slumm Prince
711,Baby I'm Scared of You,Womack & Womack
712,Our Time,Leon Ware
713,What About Me,CHIC
714,Delightful,Narada Michael Walden
715,Easier to Love,Sister Sledge
716,Madamoiselle,Foxy
717,I'm About Loving You,Al Hudson
718,Inner City Blues (Make Me Wanna Holler),The Impressions
719,Street Tough,Ben E. King
720,Night Rider,Womack & Womack
721,Do You Really Want an Answer?,Zapp
722,I'm In Love (And I Love the Feeling),Rose Royce
723,Don't Turn the Lights Off,Margie Joseph
724,Papillon (Hot Butterfly),Chaka Khan
725,You Bring Out the Best In Me,The Natural Four
726,Easy Street,Sister Sledge
727,Riding High,Faze-O
728,90% of Me Is You,Gwen McCrae
729,Oh No Not My Baby,Aretha Franklin
730,Be My Lady,The Meters
731,Your Way,Kleeer
732,Right On for the Darkness,Curtis Mayfield
733,Move Me No Mountain - Lew Hahn Remix,Chaka Khan
734,Preacher Man,The Impressions
735,The Awakening,Narada Michael Walden
736,Love Supreme,T-Connection
737,Problem Solver,Lenny Williams
738,Answers,EKT 40
739,Show the Devil How,Drew Cooper
740,Hangovers and Heartaches,Drew Cooper
741,Beat Up Broke Down,Drew Cooper
742,Hard to Ride,Drew Cooper
743,Pictures On the Wall,Drew Cooper
744,Easy Girls,Drew Cooper
745,Hark! The Herald Angels Sing,John Tesh
746,We Wish You A Merry Christmas,John Tesh
747,Good King Wenceslas,John Tesh
748,The Little Drummer Boy,John Tesh
749,Joy To The World,John Tesh
750,Have Yourself A Merry Little Christmas,John Tesh
751,What Child Is This?,John Tesh
752,"Good Christian Men, Rejoice",John Tesh
753,Carol Of The Bells,John Tesh
754,Song For Prima,John Tesh
755,O Tannenbaum (Oh Christmas Tree),John Tesh
756,God Rest Ye Merry Gentlemen,John Tesh
757,One Final Wish,John Tesh
758,White Christmas,John Tesh
759,I Walk Alone,A New Orchestra
760,Along the Path,A New Orchestra
761,Defending the Weak,A New Orchestra
762,The River of Trust,A New Orchestra
763,Moving Mountains,A New Orchestra
764,Always Catching Up,A New Orchestra
765,When in Doubt,A New Orchestra
766,Sounds of the Past,A New Orchestra
767,Play on Words,A New Orchestra
768,Heralding the Future,A New Orchestra
769,Now I'm With You - Main,Jon B.
770,Now I'm With You - Instrumental Version,Jon B.
771,Don't Talk,Jon B.
772,Don't Talk - Street Remix,Jon B.
773,Don't Talk - Instrumental,Jon B.
774,Spectacular Music for Hardly Working,Work Music
775,Wondrous Backdrops for Offices,Work Music
776,Background for Working,Work Music
777,Jazz Ballad Soundtrack for Working,Work Music
778,Romantic Coworking,Work Music
779,Mind-blowing Offices,Work Music
780,Tremendous Moods for Working,Work Music
781,Elegant Piano and Acoustic Bass - Vibe for Working,Work Music
782,Stylish Ambience for Co Working Spaces,Work Music
783,Deluxe Ambiance for Co Working Spaces,Work Music
784,Pulsating Music for Hardly Working,Work Music
785,Spirited Backdrops for Coworking,Work Music
786,Background for Coffee Breaks,Work Music
787,Jazz Ballad Soundtrack for Coffee Breaks,Work Music
788,Tasteful Working,Work Music
789,High Class Offices,Work Music
790,Lively Moods for Co Working Spaces,Work Music
791,Unique Piano and Acoustic Bass - Vibe for Coffee Breaks,Work Music
792,Beautiful Ambience for Coworking,Work Music
793,Casual Ambiance for Working,Work Music
794,Rock With U,Ysjonas
795,Mhmmm,Ysjonas
796,Legacy,Ysjonas
797,Turn Me UP,Ysjonas
798,What Would You Do For A Rack? (WWYDFAR?),Emmet Trill
799,Cachita,Ricardo Montaner
800,Soy Tuyo,Ricardo Montaner
801,Quisiera,Ricardo Montaner
802,Entre Las Ramas,Ricardo Montaner
803,Así,Ricardo Montaner
804,Una Mañana Y Un Camino,Ricardo Montaner
805,Arráncame La Vida,Ricardo Montaner
806,Cuando Ellas Dicen,Ricardo Montaner
807,En La Faz De La Tierra,Ricardo Montaner
808,En Mis Sueños Mejores,Ricardo Montaner
809,Para Siempre,Ricardo Montaner
810,No Te Pareces A Mi,Ricardo Montaner
811,Un Amor Más Grande Que El Amor,Ricardo Montaner
812,Atrapando Nubes,Ricardo Montaner
813,Viene Del Alma,Ricardo Montaner
814,Pasa Todo (Passa Tutto),Ricardo Montaner
815,Wavy,GC Classics
816,Sweet Marijuana,GC Classics
817,Yleanas Beat,GC Classics
818,I Did It,GC Classics
819,Purging,GC Classics
820,Travesura,GC Classics
821,Indio Style,GC Classics
822,Dear Lord,GC Classics
823,Freak,GC Classics
824,Ez Ryder,GC Classics
825,Intro,Brymir
826,For Those Who Died,Brymir
827,Risen,Brymir
828,The Black Hammer,Brymir
829,Nephilim,Brymir
830,Prelude,Brymir
831,Slayer of Gods,Brymir
832,Thus I Became Kronos,Brymir
833,Stormsoul,Brymir
834,The Rain,Brymir
835,Pantheon of Forsaken Gods,Brymir
836,Parar,Noob_Memeus
837,Painted Ladies,Ian Thomas
838,To Comfort You,Ian Thomas
839,What A Day To Fall In Love,Ian Thomas
840,So Cold In The City,Ian Thomas
841,The Runner,Ian Thomas
842,Little Dreams,Ian Thomas
843,Hold On,Ian Thomas
844,Right Before Your Eyes,Ian Thomas
845,Twenty Five Thousand Days,Ian Thomas
846,Pilot,Ian Thomas
847,Where She Sleeps,Ian Thomas
848,Long Long Way,Ian Thomas
849,Arándanos,Noob_Memeus
850,Go,380
851,DMV FLOW,Young Cassanova
852,Suskind,Mourning Sects
853,Facile and Cloying,Mourning Sects
854,Cooper Village,Mourning Sects
855,Schoolboy Drama,Mourning Sects
856,Nothing but Women,Mourning Sects
857,Aladdin,Mourning Sects
858,Adult Owen,Mourning Sects
859,Smothering Demands,Mourning Sects
860,Wild Boars,Mourning Sects
861,The Fragile Couple,Mourning Sects
862,Tight Bonds,Mourning Sects
863,Wildly Gyrating,Mourning Sects
864,Glory Holes,Mourning Sects
865,Naito Parkway,Mourning Sects
866,His Girlfriends Girlfriend,Mourning Sects
867,New Jerzy,Mourning Sects
868,Zulawski,Mourning Sects
869,The Urbane,Mourning Sects
870,Look Around,GOE
871,Cyborg,Solomon Bellamy
872,Bungee,Solomon Bellamy
873,Free,Solomon Bellamy
874,Dead End,Solomon Bellamy
875,Pots N Pans,Solomon Bellamy
876,Don't Go,Solomon Bellamy
877,Rest,Solomon Bellamy
878,Lonely,Bam StaxkAlot
879,Trap In The Trenches,Bam StaxkAlot
880,Disrespect,Bam StaxkAlot
881,Playin In The Booth,Bam StaxkAlot
882,Opposition,Bam StaxkAlot
883,Get Wit Me,Bam StaxkAlot
884,Tryna Spin,Bam StaxkAlot
885,White Boy,Bam StaxkAlot
886,Letter To 9,Bam StaxkAlot
887,MegaMix Intro,Various Artists
888,Angel On My Shoulder - Extended Edit,Kaskade
889,Down Down Down,No-Tone
890,Runaway - DJ Sign & Robert Heart Remix,Tom Novy
891,Pjanoo,Eric Prydz
892,Everything,Ron Reeser
893,Love Is Gone - Fred Rister & Joachim Garraud Remix,David Guetta
894,The Storm - Inpetto Remix,Jerry Ropero
895,Another Place - Maximal D Essed Mix,Mischa Daniels
896,Addicted - Club Mix,Serge Devant
897,What A Wonderful World - Club Mix,Axwell
898,Imagination - Kaskade Club Remix,JES
899,Can You Understand English? - Extended Mix,David Waxman
900,Underneath - DJ Antoine vs. Yoko Remix,DJ Antoine
901,Stay - Extended Mix,JJ Flores
902,The One - Joachim Garraud & David Guetta Remix,Sharam
903,I Am Not Drunk - The Bloody Beetroots Remix,Benny Benassi
904,In and Out of Love - Richard Durand Remix,Armin van Buuren
905,Radio Crash - Original Extended,Ferry Corsten
906,All I Ever Wanted - DJ Alex Extended,Basshunter
907,Geekd Up,FreeMind619
908,Geekd Up - Instrumental,FreeMind619
909,Marinero (Marinaio),Massiel
910,Corazón de hierro,Massiel
911,Basta de peleas,Massiel
912,Más fuerte,Massiel
913,Quiero amarte hasta el fondo de mi corazón,Massiel
914,Siento fuego,Massiel
915,No voy a morir por ti,Massiel
916,Autorretrato,Massiel
917,Era otro tiempo,Massiel
918,Mala hierba (Super Lover),Massiel
919,Te fuiste,Massiel
920,Acordeón,Massiel
921,Sola en libertad,Massiel
922,Voy a empezar de nuevo,Massiel
923,La noche,Massiel
924,Check This,Baby Jamo
925,No Getting Ova,Philly Heat
926,Bucket Gang,ZayWild
927,Runaway,Tonic Echo
928,Changes (Remastered in 2015),Gamma Ray
929,Rich and Famous (Remastered in 2015),Gamma Ray
930,As Times Goes By (Remastered in 2015),Gamma Ray
931,(We Won't) Stop the War (Remastered in 2015),Gamma Ray
932,Father and Son (Remastered in 2015),Gamma Ray
933,One with the World (Remastered in 2015),Gamma Ray
934,Start Running (Remastered in 2015),Gamma Ray
935,Countdown (Remastered in 2015),Gamma Ray
936,Dream Healer (Remastered in 2015),Gamma Ray
937,The Spirit (Remastered in 2015),Gamma Ray
938,Sail On (Remastered in 2015) [Live],Gamma Ray
939,Changes (Remastered in 2015) [Live],Gamma Ray
940,One with the World (Live at Wacken 2001),Gamma Ray
941,Dream Healer (Live in Montreal 2006),Gamma Ray
942,Changes (Blast from the Past Version - Remastered in 2015),Gamma Ray
943,Rich and Famous (Blast from the Past Version - Remastered in 2015),Gamma Ray
944,One with the World (Blast from the Past Version - Remastered in 2015) [Live],Gamma Ray
945,Dream Healer (Blast from the Past Version - Remastered in 2015) [Live],Gamma Ray
946,Heroes (Preproduction),Gamma Ray
947,Dream Healer (Preproduction),Gamma Ray
948,As Times Goes By (Preproduction - Kai on Vocals),Gamma Ray
949,(We Won't) Stop the War (Preproduction - Kai on Vocals),Gamma Ray
950,Dream Healer (Demo - Kai on Vocals),Gamma Ray
951,Rich and Famous (Demo - Kai on Vocals),Gamma Ray
952,WHAT YOU TRYNA DO?,Prince Hakimi
953,Infinite Escape,Artamene
954,Fear of Darkness,Artamene
955,Heavy Motion,Artamene
956,Mayhem,Artamene
957,Shining Black,Artamene
958,Inshushinak,Artamene
959,Rain of Paradise,Artamene
960,Petrichor,Artamene
961,Shake Your Groove Thing,Peaches & Herb
962,Don't Leave Me This Way - Single Version,Thelma Houston
963,Funkytown - Single Version,Lipps Inc.
964,I Will Survive - Edit,Gloria Gaynor
965,Celebration,Kool & The Gang
966,Upside Down,Diana Ross
967,Dancing Machine - Single Version,The Jackson 5
968,Y.M.C.A. - Single Version,Village People
969,Car Wash - Single Version,Rose Royce
970,Everlasting Love,Carl Carlton
971,Stomp!,The Brothers Johnson
972,Last Dance,Donna Summer
973,Shake Your Groove Thing - Karaoke Version,Peaches & Herb
974,Don't Leave Me This Way - Karaoke Version,Thelma Houston
975,I Will Survive - Karaoke Version,Starmania
976,Dancing Machine - Karaoke Version,The Jackson 5
977,Crooked Amerika,Plap Fieldz
978,Out Da Mud,Plap Fieldz
979,Kissin On Dat Pussy,Plap Fieldz
980,Got Me Lit,Plap Fieldz
981,Watch Over Me,Plap Fieldz
982,Take Off,Plap Fieldz
983,Living By The Code,Plap Fieldz
984,Push It,Plap Fieldz
985,Freestyle,Plap Fieldz
986,Streets Made Me,Plap Fieldz
987,Bout Dat Life,Plap Fieldz
988,Regulators,Plap Fieldz
989,Safe Sex,Plap Fieldz
990,I Was Taught,Plap Fieldz
991,Another Ghetto Story,Plap Fieldz
992,Rebirth,Plap Fieldz
993,Intro,$lumdogchedda
994,Bluntly Speaking,$lumdogchedda
995,Hump Appeal,$lumdogchedda
996,Frisco Connect,$lumdogchedda
997,Smoke Sum'n,$lumdogchedda
998,Green House,$lumdogchedda
999,Cheers,$lumdogchedda
1000,Fuckin' Hoes,$lumdogchedda
1001,What Dat Money Do,$lumdogchedda
1002,NO SE SI ME ENTIENDES,Prince Hakimi
1003,Ain't Foolin Me,V12
1004,Space,Solomon Bellamy
1005,When Mercury Cries,Solomon Bellamy
1006,The Waltz on Mars,Solomon Bellamy
1007,Eternal - Album Version (Edited),David Banner
1008,Talk To Me - Album Version (Edited),David Banner
1009,Like A Pimp (Remix) - Album Version (Edited),David Banner
1010,Crank It Up - Album Version (Edited),David Banner
1011,Pretty Pink - Album Version (Edited),David Banner
1012,Pop That - Album Version (Edited),David Banner
1013,My Lord - Album Version (Edited),David Banner
1014,The Game - Album Version (Edited),David Banner
1015,Gots To Go - Album Version (Edited),David Banner
1016,The Christmas Song,David Banner
1017,Baptized in Dirty Water (Interlude) - Album Version (Edited),David Banner
1018,Ooh Aah - Album Version (Edited),David Banner
1019,Mamma's House - Album Version (Edited),David Banner
1020,So In Love - Album Version (Edited),David Banner
1021,Lil' Jones - Album Version (Edited),David Banner
1022,Air Force Ones - Album Version (Edited),David Banner
1023,We Ride Them Caddies - Album Version (Edited),David Banner
1024,The End (Interlude) - Album Version (Edited),David Banner
1025,Adicto,La Clave Con Swing
1026,Cambie de Canal,La Clave Con Swing
1027,El Hombre No Llora,La Clave Con Swing
1028,Entre Mis Manos,La Clave Con Swing
1029,Lo Siento,La Clave Con Swing
1030,Me Enamore,La Clave Con Swing
1031,Mi Habitación,La Clave Con Swing
1032,Mujer Falaz,La Clave Con Swing
1033,Por Que Te Vas,La Clave Con Swing
1034,Si Volviera a Nacer,La Clave Con Swing
1035,Viva Su Vida,La Clave Con Swing
1036,Hero,Annamation
1037,Are You With Me - Radio Edit,Lost Frequencies
1038,The World Is Yours,Ian Brown
1039,On Track,Ian Brown
1040,Sister Rose,Ian Brown
1041,Save Us,Ian Brown
1042,Eternal Flame,Ian Brown
1043,The Feeding Of The 5000,Ian Brown
1044,Street Children,Ian Brown
1045,Some Folks Are Hollow,Ian Brown
1046,Goodbye To The Broken,Ian Brown
1047,Me And Your Forever,Ian Brown
1048,Illegal Attacks,Ian Brown
1049,The World Is Yours (Reprise),Ian Brown
1050,Measure Of Distraction,Starfish Knights
1051,Life Without Courage,Starfish Knights
1052,Demand Justice,Starfish Knights
1053,A Chance For Remorse,Starfish Knights
1054,Nocturnal Realism,Starfish Knights
1055,Twister,Starfish Knights
1056,Friendship,Starfish Knights
1057,Loneliness,Starfish Knights
1058,Early Morning Strength,Starfish Knights
1059,Justice Party,Starfish Knights
1060,The Boy Is Mine - Radio Edit,Brandy
1061,I Swear,All-4-One
1062,Don't Let Go (Love),En Vogue
1063,So In Love with You,U.N.V.
1064,Captured,Ephraim Lewis
1065,Coming Back to You,Glenn Jones
1066,Twisted,Keith Sweat
1067,I Wanna Sex You Up,Color Me Badd
1068,Freak Like Me,Adina Howard
1069,Stay,Eternal
1070,Freak Me,Silk
1071,Hotel California,Al B. Sure!
1072,Love You All My Lifetime,Chaka Khan
1073,Cupid - Radio Edit,112
1074,I Wanna Be Down,Brandy
1075,Hold On,En Vogue
1076,I Can Love You Like That,All-4-One
1077,All 4 Love,Color Me Badd
1078,Angel of Mine,Eternal
1079,Never Ever,All Saints
1080,I'll Give All My Love to You (Single Version),Keith Sweat
1081,Stroke You Up,Changing Faces
1082,Right Now,Al B. Sure!
1083,Let's Stay Together - Midnight Mix,Eric Benét
1084,It Should've Been You,Teddy Pendergrass
1085,Sing To Me (feat. Karen O),Walter Martin
1086,Catfish,Alei Islah
1087,Warm Up,Alei Islah
1088,Leuv Letter,Alei Islah
1089,So Many Changes,Alei Islah
1090,MVMNT II (Get to it),Alei Islah
1091,Yea Yea,Alei Islah
1092,Boo-ya (Doo-ya),Alei Islah
1093,Hunnid Ways (100 Ways),Alei Islah
1094,Nineteen Ninety-seven (1997),Alei Islah
1095,Trigger Happy,Alei Islah
1096,Just Call Le Chris,Alei Islah
1097,Moonwalk'N,Alei Islah
1098,Exposed,Alei Islah
1099,Red Rose Polka,The Czechaholics
1100,Black Gypsy Waltz,The Czechaholics
1101,Cradle Polka,The Czechaholics
1102,Beautiful Shepherdess Waltz,The Czechaholics
1103,Chimney Sweep Polka,The Czechaholics
1104,Dreamboat Waltz,The Czechaholics
1105,Walk Through This World With Me,The Czechaholics
1106,Gander Polka,The Czechaholics
1107,Garden Waltz,The Czechaholics
1108,Lorianna Polka,The Czechaholics
1109,Happiness Waltz,The Czechaholics
1110,"Is It Wrong, For Loving You?",The Czechaholics
1111,Maryann Waltz,The Czechaholics
1112,Roaring Mountains Polka,The Czechaholics
1113,Little Tavern Waltz,The Czechaholics
1114,The More I Love You,The Czechaholics
1115,Shiner Song Polka,The Czechaholics
1116,Bleek's Day by Day,Blackwater Noi.D.
1117,Breakaway,In Hearts Wake
1118,Cold World,Alei Islah
1119,Disrespectful,Alei Islah
1120,Time Gone Come,Alei Islah
1121,Sneak Diss,Alei Islah
1122,Don't Miss,Alei Islah
1123,On Top,Alei Islah
1124,Killing Sympathy,Alei Islah
1125,Bloody Leuv,Alei Islah
1126,Plz Lord,Alei Islah
1127,Timeless,Alei Islah
1128,Why,Alei Islah
1129,Unforgettable,Alei Islah
1130,NYBDY,Alei Islah
1131,Free Smoke (outro),Alei Islah
1132,Capitanes y Lobos,EseEilien
1133,Vibras,EseEilien
1134,Finish Him,HunnitProof Boogie
1135,Arnold Calls Curtains for Cali,Rick & Bubba
1136,Will Ferrell Bday Surprise,Rick & Bubba
1137,Roger Lewis Reports on Penguins,Rick & Bubba
1138,Drugged Up Speedy,Rick & Bubba
1139,Driving Corpse Across Country,Rick & Bubba
1140,Lady Attacked by Dead Chihuahua,Rick & Bubba
1141,Japanese Pot Smoking Monk,Rick & Bubba
1142,Randy the Snake Lover,Rick & Bubba
1143,Dickey Nadmyer Orders DVD,Rick & Bubba
1144,Beaver Gets Teeth Back,Rick & Bubba
1145,Cornbread Set Outside,Rick & Bubba
1146,Dave and the Stinky Spray,Rick & Bubba
1147,The Guys Get Townies,Rick & Bubba
1148,Oompaloompa,Rick & Bubba
1149,We Do Animal Sounds,Rick & Bubba
1150,Bubba's Little League Shout,Rick & Bubba
1151,NJ Trip Drive With Francis,Rick & Bubba
1152,Rock Steady Goes to Pediatrician,Rick & Bubba
1153,Mexican Slogans,Rick & Bubba
1154,Rick Shoots 7 Point With Kids,Rick & Bubba
1155,Whispers on the Wind,Tonic Echo
1156,"Pardon Me - Live at Nippon Budokan, Tokyo, Japan - March 2004",Incubus
1157,"Pantomime - Live at Bukit Kiara Equestarian Park, Kuala Lumpur, Malaysia - March 2004",Incubus
1158,"Talk Shows on Mute - Live ""Bootleg"" Version-Sydney, Australia",Incubus
1159,"A Certain Shade of Green - Live ""Bootleg"" Version-Sydney, Australia",Incubus
1160,Little Ghost,Azure Dream Machine
1161,Cat's Eye,Azure Dream Machine
1162,Cosmic Butterfly,Azure Dream Machine
1163,The Pillars of Creation,Azure Dream Machine
1164,Boomerang,Azure Dream Machine
1165,Head of the Horse,Azure Dream Machine
1166,Fire in the Mist,Azure Dream Machine
1167,Heart of Darkness,Azure Dream Machine
1168,Water Lily,Azure Dream Machine
1169,Sands of the Hourglass,Azure Dream Machine
1170,Con Otra Mas Fea Que Yo,Lily y Su Gran Trio
1171,Culpas Iguales,Lily y Su Gran Trio
1172,No Me Vuelvas a Llamar,Lily y Su Gran Trio
1173,Confiaba en el Amor,Lily y Su Gran Trio
1174,Ayúdame Dios Mío,Lily y Su Gran Trio
1175,Frente a Frente,Lily y Su Gran Trio
1176,Besos Apasionados,Lily y Su Gran Trio
1177,Tu Tienes la Culpa,Lily y Su Gran Trio
1178,Lo Que Te Iba a Decir,Lily y Su Gran Trio
1179,Me Quede Vacía,Lily y Su Gran Trio
1180,Gloom and the Art of Tribulation,Aborted
1181,Serpent of Depravity,Aborted
1182,Funereal Malediction,Aborted
1183,I Got Money,Wnc Whopbezzy
1184,Time Im On,Wnc Whopbezzy
1185,They Don't Like That,Wnc Whopbezzy
1186,Its Up,Wnc Whopbezzy
1187,Fuck Em All,Wnc Whopbezzy
1188,Rollin,Wnc Whopbezzy
1189,Pacsun,Wnc Whopbezzy
1190,Trap House,Wnc Whopbezzy
1191,No Brainer,Wnc Whopbezzy
1192,3rd World Shit,Wnc Whopbezzy
1193,I Stay On E,Wnc Whopbezzy
1194,Lucky #13,Confusion Born
1195,Castaway,Confusion Born
1196,In the Doorway,Confusion Born
1197,162.1.2021,Confusion Born
1198,Lost in the Shipyard,Confusion Born
1199,Grow In Light,Confusion Born
1200,Lone Namecaps,Confusion Born
1201,Survival,Confusion Born
1202,Proj,Confusion Born
1203,They End Up As Stars,Confusion Born
1204,Amenazy,zrfamelystudio
1205,Obelisk,Northlane
1206,Next,Reiss Woods
1207,Zodiac Sign,Sam Bostic
1208,WON'T TELL ON MYSELF,V12
1209,Ascent,Sun & Rain
1210,Ai Yu'os,Joe Garrido
1211,Big Things,Bonney B
1212,Everywhere I Go,Bonney B
1213,Mutombo,Bonney B
1214,Party People,Sonson
1215,Millonario,Dj Akatsuki K3
1216,Road Trip,Finestyle
1217,Love Vibes,Sonson
1218,Run,Nick Nittoli
1219,Top Down,Yung Hop
1220,Pound Puppies,Bonafide Suspects
1221,Il pensiero,Daniele Nick
1222,Ten Dimes,Mac Black
1223,Not Waiting,Keegan Chambers
1224,Take It Easy,Leo Stroke
1225,Prayer Charge,Korey Mickie
1226,We Declare Victory,Korey Mickie
1227,Victory Is Here,Korey Mickie
1228,It Is so Praise,Korey Mickie
1229,Living With Victory,Korey Mickie
1230,It's Still Well,Korey Mickie
1231,Storm Is Passing Over,Korey Mickie
1232,They Don't Know,Korey Mickie
1233,Shananigans,Shannon Alece
1234,Intro Music or Bricks,C.P Da BabyDon
1235,They Want in,C.P Da BabyDon
1236,Money,C.P Da BabyDon
1237,Ball,C.P Da BabyDon
1238,Shootin',C.P Da BabyDon
1239,Where They at,C.P Da BabyDon
1240,Ain't Changed,C.P Da BabyDon
1241,Duffel Bag,C.P Da BabyDon
1242,Damn,C.P Da BabyDon
1243,All Tha Time,C.P Da BabyDon
1244,Sold Dope Cause I Was Broke,C.P Da BabyDon
1245,In Tha Ghetto,C.P Da BabyDon
1246,Goin' Thru Some Thangs,C.P Da BabyDon
1247,Heavy Chevy,C.P Da BabyDon
1248,Antes de Ti,Natassha Reendo
1249,Festival,Acidizer
1250,Peak Time,Acidizer
1251,Primal Hunt,Acidizer
1252,Counter Strike,Acidizer
1253,Boilng Point,Acidizer
1254,Acidize,Acidizer
1255,Tus Labios,Kaneky White
1256,(Intro) SPACESHIP,E.TEE
1257,LIKE IT OR LOVE IT,E.TEE
1258,THE GREAT ESCAPE,E.TEE
1259,IDK,E.TEE
1260,BLESSINGS,E.TEE
1261,MOTIVATED LEVELS,E.TEE
1262,COUNT UP!,E.TEE
1263,MEDICINE BOTTLE,E.TEE
1264,ON DA RUN,E.TEE
1265,SORRY,E.TEE
1266,TIRED,E.TEE
1267,SETTLERS GROVE,E.TEE
1268,UP,E.TEE
1269,PSYch WArd,E.TEE
1270,(Outro) MOB/BLOOD ON THE WALL,E.TEE
1271,PISTOL IN THE GLOVEBOX,E.TEE
1272,POISON,E.TEE
1273,TARGET,E.TEE
1274,PICTURE PERFECT,E.TEE
1275,OH NO!,E.TEE
1276,Intro,K.Hill
1277,Love Scarz,K.Hill
1278,Wasn't Easy,K.Hill
1279,Love Of My Life,K.Hill
1280,Letter From 29,K.Hill
1281,Movie,K.Hill
1282,No Sympathy,K.Hill
1283,Outro,K.Hill
1284,Faze,MK Virgo
1285,Mosh,Lil Kappy
1286,Last,Lil Kappy
1287,Dis Morning,Lil Kappy
1288,Grip,Lil Kappy
1289,Duckin Dem Switches,Romilli
1290,Azul Cielo,Hangeelo Mixx
1291,Bajo el Sol,Dairanath Katherine Mix
1292,Birdies Chirps Through the Rain,ASMR Rain Sounds
1293,Raindrops and Trickling Water,ASMR Rain Sounds
1294,Zen Rain,ASMR Rain Sounds
1295,Peace Rain,ASMR Rain Sounds
1296,Annual Pitter Patter,ASMR Rain Sounds
1297,Droplets Go Down,ASMR Rain Sounds
1298,Lush Pitter Patter,ASMR Rain Sounds
1299,Slow Raindrops,ASMR Rain Sounds
1300,Town Rain,ASMR Rain Sounds
1301,Pitter Patter from Clouds,ASMR Rain Sounds
1302,Rain Casts,ASMR Rain Sounds
1303,Bright Rain,ASMR Rain Sounds
1304,City Rainfall,ASMR Rain Sounds
1305,Rain Always Falls,ASMR Rain Sounds
1306,Dreaming of Pitter Patter,ASMR Rain Sounds
1307,Sunday Shower,ASMR Rain Sounds
1308,Pitter Patter Creates Puddles,ASMR Rain Sounds
1309,The Surrounding Rain,ASMR Rain Sounds
1310,Downtime Rain,ASMR Rain Sounds
1311,Rainfall Passes By,ASMR Rain Sounds
1312,Noisy Street,ASMR Rain Sounds
1313,July Downpour,ASMR Rain Sounds
1314,Rain Comes and Goes,ASMR Rain Sounds
1315,Heavy City Rain,ASMR Rain Sounds
1316,Rumbling Wind and Rain,ASMR Rain Sounds
1317,Loud Rain,ASMR Rain Sounds
1318,Watching the Downpour,ASMR Rain Sounds
1319,Rain with the Wind,ASMR Rain Sounds
1320,Rainfall Keeps Falling,ASMR Rain Sounds
1321,Low Rain,ASMR Rain Sounds
1322,Gorgeous Rain Mood,ASMR Rain Sounds
1323,Wet Weathers,ASMR Rain Sounds
1324,Heavy Rain Falls,ASMR Rain Sounds
1325,Rest to Rain,ASMR Rain Sounds
1326,Calm Sleep Night,ASMR Rain Sounds
1327,Prominent Chirps Through Rainfall,ASMR Rain Sounds
1328,Cloud Of Rain,ASMR Rain Sounds
1329,Afternoon Rain,ASMR Rain Sounds
1330,Downpour in Nature,ASMR Rain Sounds
1331,Rain Street,ASMR Rain Sounds
1332,Gorgeous Rain,ASMR Rain Sounds
1333,Birds Chirp in the Downpour,ASMR Rain Sounds
1334,One Single Night,Sixtwoseven
1335,Wreckless Soul,Sixtwoseven
1336,Joshua's Song,Sixtwoseven
1337,Top of the World,Sixtwoseven
1338,One Single Night (Intrumental),Sixtwoseven
1339,Wreckless Soul (Instrumental),Sixtwoseven
1340,Joshua's Song (Instrumental),Sixtwoseven
1341,Top of the World (Instrumental),Sixtwoseven
1342,GOING DUMB,6kFly
1343,ROAD KILL,6kFly
1344,STATIC,6kFly
1345,NO DEAL,6kFly
1346,TOO CONFIDENTIAL,6kFly
1347,REMIX,6kFly
1348,TIME AND TIME,6kFly
1349,TITAN,6kFly
1350,LIFESTYLE,6kFly
1351,10 UP IN EM,6kFly
1352,CO DEFENDANT,6kFly
1353,KNOW THE GLITCH,6kFly
1354,BENIHANA,6kFly
1355,IF I TOLD YOU,6kFly
1356,FROM THE HEART (IN ATL),6kFly
1357,Mirame,Dj Akatsuki K3
1358,I Believe God,Korey Mickie
1359,Fuccn around,Verde Babii
1360,Por Si No Hay Mañana,Samuel Hernández
1361,Dioses Locos,Laura Alejandra HG
1362,The Only Way (feat. Keenhouse),Futurecop!
1363,Street Hawk (feat. Jane Elizabeth Hanley),Futurecop!
1364,Afterburner (feat. Renegade),Futurecop!
1365,Is It a Crime (feat. Captain Capa),Futurecop!
1366,Far Away (feat. My Tiger My Timing),Futurecop!
1367,Starworshipper (MPM remix),Futurecop!
1368,10 League Boots,Simon and the Astronauts
1369,Los Mas Duros,Natassha Reendo
1370,Take Me Away (Into The Night) - Dave Darell Remix Radio Edit,4 Strings
1371,Take Me Away (Into The Night) - Dave Darell Remix,4 Strings
1372,Take Me Away (Into The Night) - Dennis De Laat Mix,4 Strings
1373,Take Me Away (Into The Night) - Dennis De Laat Dub,4 Strings
1374,Take Me Away (Into The Night) - Dub Darell Radio Edit,4 Strings
1375,Take Me Away (Into The Night) - Dub Darell Remix,4 Strings
1376,Take Me Away (Into The Night) - Katie J. Radio Edit,4 Strings
1377,Take Me Away (Into The Night) - Katie J. Remix,4 Strings
1378,Tomorrow Never Comes,Honey Harper
1379,Under a Plagued Moon,MadMisaki
1380,All The Things That Are Left Behind,Blue Rodeo
1381,One More Night,Blue Rodeo
1382,Waiting For The World,Blue Rodeo
1383,Never Look Back,Blue Rodeo
1384,Sheba,Blue Rodeo
1385,One Light Left In Heaven,Blue Rodeo
1386,Million Miles,Blue Rodeo
1387,Gossip,Blue Rodeo
1388,Don't Let The Darkness,Blue Rodeo
1389,Arizona Dust,Blue Rodeo
1390,In My Bones,Blue Rodeo
1391,Candice,Blue Rodeo
1392,Wasted,Blue Rodeo
1393,You Said,Blue Rodeo
1394,And When You Wake Up,Blue Rodeo
1395,Venus Rising,Blue Rodeo
1396,No Lie Freestyle,King D Mr. Perfect
1397,No Lie Freestyle - Instrumental,King D Mr. Perfect
1398,Allright,Eviltwin and the Leftbehinds
1399,All the Buildings,Eviltwin and the Leftbehinds
1400,Spite,Eviltwin and the Leftbehinds
1401,Tell You,Eviltwin and the Leftbehinds
1402,The Start,Eviltwin and the Leftbehinds
1403,Diamond,Eviltwin and the Leftbehinds
1404,Having a Blast,Eviltwin and the Leftbehinds
1405,Deep Ending,Eviltwin and the Leftbehinds
1406,Captured,Eviltwin and the Leftbehinds
1407,"Military Men, Pt. 2",Rocher
1408,December,Rocher
1409,Leave Your Girlfriend for Me,Rocher
1410,Heart Might Break,Rocher
1411,Used Me,Rocher
1412,The Player,Rocher
1413,Fuck You,Rocher
1414,Art of Letting Go,Rocher
1415,Done Loving You,Rocher
1416,If I Was Straight,Rocher
1417,What I Don't Need,Rocher
1418,"Me, Myself and I",Rocher
1419,Got It,Rocher
1420,Them Gays Be Like,Rocher
1421,Can't Fix My Broken Heart,Rocher
1422,My King,Rocher
1423,The Knight vs the King,Rocher
1424,Generosity's My Enemy,Rocher
1425,I'm Still Me,Rocher
1426,Stay over there,Top oppz
1427,Steppin,Top oppz
1428,Demon time,Top oppz
1429,Pop out,Top oppz
1430,Air it outK,Top oppz
1431,Box em out,Top oppz
1432,Top oppz,Top oppz
1433,Freak Flag,Optimist Prime
1434,One For the Homies,Optimist Prime
1435,"Alright, My Darling",Optimist Prime
1436,Donna's Shadow,Optimist Prime
1437,Skylark,Optimist Prime
1438,Piece of Me,Optimist Prime
1439,Protesting the Protest,Optimist Prime
1440,Digital Dream Girl,Optimist Prime
1441,Belly of the Beast,Optimist Prime
1442,Repeat After Me,Optimist Prime
1443,A Place of Love In Her Heart,Optimist Prime
1444,"Peppermint River, Pt. 1",Optimist Prime
1445,"Peppermint River, Pt. 2",Optimist Prime
1446,"Peppermint River, Pt. 3",Optimist Prime
1447,"Peppermint River, Pt. 4",Optimist Prime
1448,Comfortable,JAYTREMENDOUS
1449,Let's Go Brandon!,MrRead
1450,Fresh Air,Lofi Swole Beats
1451,Retreat,Lofi Swole Beats
1452,Meditation,Lofi Swole Beats
1453,So Chill,Lofi Swole Beats
1454,Unwind,Lofi Swole Beats
1455,Feelings,Lofi Swole Beats
1456,Lay Back,Lofi Swole Beats
1457,Zoned Out,Lofi Swole Beats
1458,Flow,Lofi Swole Beats
1459,Stare,Lofi Swole Beats
1460,Thinking,Lofi Swole Beats
1461,Waves,Lofi Swole Beats
1462,Kick Back,Lofi Swole Beats
1463,Peaceful,Lofi Swole Beats
1464,Dream,Lofi Swole Beats
1465,Sleepy,Lofi Swole Beats
1466,Focus,Lofi Swole Beats
1467,Restore,Lofi Swole Beats
1468,Too Chill,Lofi Swole Beats
1469,River,Lofi Swole Beats
1470,Wondering,Tiny Towns
1471,Take Me Under,Tiny Towns
1472,Better Than This,Tiny Towns
1473,XIII,Tiny Towns
1474,Head,Tiny Towns
1475,No Te Pido Nada,Flaco el Jandro
1476,Tempo,Shinyen
1477,Black Frost,Harvey Mason
1478,Montara,Harvey Mason
1479,If I Ever Lose This Heaven,Harvey Mason
1480,Looking Back,Harvey Mason
1481,Before The Dawn,Harvey Mason
1482,Studio Life (Hold It One Second),Harvey Mason
1483,Places And Spaces,Harvey Mason
1484,Either Way,Harvey Mason
1485,Mase’s Theme,Harvey Mason
1486,Chameleon,Harvey Mason
1487,Looking Forward (Breaking Bad) [Bonus Track],Harvey Mason
1488,Huapangos De Ruben Fuentes,Mariachi Vargas De Tecalitlán
1489,Maria Linda,Mariachi Vargas De Tecalitlán
1490,Amor... Y Mas Amor,Mariachi Vargas De Tecalitlán
1491,Sones De Jalisco,Mariachi Vargas De Tecalitlán
1492,Jose Alfredo Jimenez,Mariachi Vargas De Tecalitlán
1493,Violin Huapango,Mariachi Vargas De Tecalitlán
1494,Pepe Guizar,Mariachi Vargas De Tecalitlán
1495,La Bikina,Mariachi Vargas De Tecalitlán
1496,Popster,Space of a Day
1497,Mismo Lugar,J-Eclectic
1498,Lift off,J-Eclectic
1499,Fear to Lose,Coolness
1500,Gateway to the Americas,J-Eclectic
1501,Gravy,Kidricc James
1502,I Remember,YNE Sosa
1503,Mind Gone,YNE Sosa
1504,No Choice,YNE Sosa
1505,Bed Rock,YNE Sosa
1506,Popping In This Bitxh,YNE Sosa
1507,Baltimore The New Chi-raq,YNE Sosa
1508,Keep It Real,YNE Sosa
1509,Nutz Hang,YNE Sosa
1510,Crabs In The Bucket,YNE Sosa
1511,Is You ?,YNE Sosa
1512,Run It Up,YNE Sosa
1513,By the Book,SYL noiZ
1514,Here for You,Hope College Worship
1515,Gloria Sea Dios,Hope College Worship
1516,All the Poor and Powerless,Hope College Worship
1517,Fall Afresh,Hope College Worship
1518,"10,000 Reasons (Bless the Lord)",Hope College Worship
1519,I Can't Stop Praising Him,Hope College Worship
1520,All Thy Fullness,Hope College Worship
1521,In Feast or Fallow,Hope College Worship
1522,Like Incense / Sometimes By Step (Reprise),Hope College Worship
1523,One Thing Remains / Fall Afresh (Medley),Hope College Worship
1524,Doxology,Hope College Worship
1525,Quasi-Star,Cavedoll
1526,Al Green Flow,Kidricc James
1527,Ashes,Five Finger Death Punch
1528,The Way of the Fist,Five Finger Death Punch
1529,Salvation,Five Finger Death Punch
1530,The Bleeding,Five Finger Death Punch
1531,A Place to Die,Five Finger Death Punch
1532,The Devil's Own,Five Finger Death Punch
1533,White Knuckles,Five Finger Death Punch
1534,Can't Heal You,Five Finger Death Punch
1535,Death Before Dishonor,Five Finger Death Punch
1536,Meet the Monster,Five Finger Death Punch
1537,Never Enough,Five Finger Death Punch
1538,Stranger Than Fiction,Five Finger Death Punch
1539,The Bleeding (Acoustic),Five Finger Death Punch
1540,Go Away,ColdWater
1541,PHD,ColdWater
1542,Hey Pretty Lady,ColdWater
1543,Dead Skin,ColdWater
1544,I Thought I Lost This,ColdWater
1545,Suicide Blues,ColdWater
1546,13,ColdWater
1547,GRASSHOPPER,ColdWater
1548,Seduction,Willow
1549,Por Tu Culpa,Jhon Ffire
1550,Deseos,Dj Samuell King
1551,Gravity,LaShaun Love
1552,I Caught Your Act,Hues Corporation
1553,Ra migo santiago,Orgullo Guerrerense
1554,Vuelve,Jhon Ffire
1555,山頂一隻猴,徐翊寧
1556,斑馬,竹星合唱團
1557,灌肚猴,竹星合唱團
1558,小學生,陳韋同
1559,一隻牛仔真古錐,竹星合唱團
1560,心願,陳韋同
1561,五工工,竹星合唱團
1562,唱歌,竹星合唱團
1563,百家春,竹星合唱團
1564,春天到,竹星合唱團
1565,四時春,竹星合唱團
1566,新娘新娘水噹噹,竹星合唱團
1567,爸爸開車,徐翊寧
1568,愛我的土地,竹星合唱團
1569,客家謎歌,徐翊寧
1570,我們都是一家人,竹星合唱團
1571,Run Boy Run,Danny Shipley
1572,Cut Right,Mac Black
1573,Members,Lil 30
1574,Dangerous (feat. Sam Martin) - Extended,David Guetta
1575,The Oath,Tay G
1576,Land of Fools - Instrumental,J-Eclectic
1577,Introduction,The Paris Sights
1578,Redefined the Art,The Paris Sights
1579,Meticulous Attention,The Paris Sights
1580,Clients at Home,The Paris Sights
1581,"Housework, Sex, And Family Life",The Paris Sights
1582,Gestural and Directional Precision,The Paris Sights
1583,Marmoreal Sensuality,The Paris Sights
1584,Whom She Doesn't Love,The Paris Sights
1585,A Quietly Overwhelming Vision,The Paris Sights
1586,Mythology Unites,The Paris Sights
1587,The Archtype,The Paris Sights
1588,Achievements,The Paris Sights
1589,Artists' Neuroses,The Paris Sights
1590,Dual Portrait,The Paris Sights
1591,Sense of Exile,The Paris Sights
1592,Her Own Absense,The Paris Sights
1593,Ecstatic Beauty,The Paris Sights
1594,A Lover in Vain,The Paris Sights
1595,We Up 1,M.D.O.
1596,Sleep On Me,M.D.O.
1597,I Can See It,M.D.O.
1598,Around Me,M.D.O.
1599,Checking Voice Mail (Skit),M.D.O.
1600,Mo Money Mo Problems,M.D.O.
1601,Talk My Shit,M.D.O.
1602,Vegas Lights,M.D.O.
1603,Drunk Nites,M.D.O.
1604,Have A Good Day,M.D.O.
1605,Deep End,M.D.O.
1606,My Emotions,Billionaire Dollaz
1607,How I Feel,Billionaire Dollaz
1608,Go For That,Billionaire Dollaz
1609,Outside,Billionaire Dollaz
1610,Vince Carter,Billionaire Dollaz
1611,A Cuban's Dream,J-Eclectic
1612,Land of Fools,J-Eclectic
1613,Liberty Valance,James Reeder
1614,It's About Time,James Reeder
1615,Show Me,James Reeder
1616,Kiss My Loneliness Away,James Reeder
1617,Today,James Reeder
1618,Caribbean Girl,James Reeder
1619,'81,James Reeder
1620,One Little Star,James Reeder
1621,You're the Only One,James Reeder
1622,New Kinda Song,James Reeder
1623,Twenty-Three,James Reeder
1624,Will You Still Love Me?,James Reeder
1625,Prooo,Apolooo Dj
1626,96 - ReMastered 2021,Dopeboy Ra
1627,Candylady Grandbaby Interlude - ReMastered 2021,Dopeboy Ra
1628,Checks & Stripes - ReMastered 2021,Dopeboy Ra
1629,First 48 - ReMastered 2021,Dopeboy Ra
1630,Gamblin' House - ReMastered 2021,Dopeboy Ra
1631,Half A Brick - ReMastered 2021,Dopeboy Ra
1632,Heavy Rotation - ReMastered 2021,Dopeboy Ra
1633,Jetski's - ReMastered 2021,Dopeboy Ra
1634,Off White - ReMastered 2021,Dopeboy Ra
1635,Trap Lives Matter - ReMastered 2021,Dopeboy Ra
1636,Misterio,Dj Axel AA4
1637,Glitches of the Past (Hwy 1),J-Eclectic
1638,Chucky No Melody,Chuckyy_103
1639,Hear me öut,Whapö
1640,F e e l,Whapö
1641,Runaway,Whapö
1642,Döwn,Whapö
1643,Dön't leave,Whapö
1644,Wait4MeHere,Whapö
1645,WashAwayThePain,Whapö
1646,Nöt gööd with luv,Whapö
1647,Dash,Whapö
1648,"Shööt me, End me",Whapö
1649,Bad Habit,Ayce
1650,Love Is On Fire,Citycentral Studio
1651,White Raven,MadMisaki
1652,Cult of Paradise,Alluvial Fans
1653,Blowout / Future Games,Alluvial Fans
1654,Droves,Alluvial Fans
1655,Say It's So,Alluvial Fans
1656,Choices,Alluvial Fans
1657,Catharsis Now!,Alluvial Fans
1658,Falafel,Alluvial Fans
1659,Test the Waters,Alluvial Fans
1660,Unnoticed,Alluvial Fans
1661,Something Happened to You,Alluvial Fans
1662,Whole Lotta,10ktherapper
1663,Slow Fall,Lofi Swole Beats
1664,Snuggle,Lofi Swole Beats
1665,Storm Sleep,Lofi Swole Beats
1666,Doze,Lofi Swole Beats
1667,Floating,Lofi Swole Beats
1668,Breezin,Lofi Swole Beats
1669,Nothing To Do,Lofi Swole Beats
1670,Tranquility,Lofi Swole Beats
1671,Dreaming,Lofi Swole Beats
1672,Smooth,Lofi Swole Beats
1673,Reverse Spiral,Lofi Swole Beats
1674,Therapy Sounds,Lofi Swole Beats
1675,Nap Time,Lofi Swole Beats
1676,Rainy Day,Lofi Swole Beats
1677,Fires Hum,Lofi Swole Beats
1678,Forgetting,Lofi Swole Beats
1679,Sweet Dreams,Lofi Swole Beats
1680,Soothing Pitch,Lofi Swole Beats
1681,Starry Story,Lofi Swole Beats
1682,Soft Breath,Lofi Swole Beats
1683,Intro - Live,Rare Essence
1684,Looks Like She Want It - Live,Rare Essence
1685,"Do It Like This (Fire, Fire) - Live",Rare Essence
1686,Where They At - Live,Rare Essence
1687,You Not Ready - Live,Rare Essence
1688,Hit It from the Back - Live,Rare Essence
1689,Clap If It's Good - Live,Rare Essence
1690,Don't Say No - Live,Rare Essence
1691,All da Time - Live,Rare Essence
1692,Loveable - Live,Rare Essence
1693,What It Do? - Live,Rare Essence
1694,All Yours,Apfos
1695,Trap Anthem,Tse E2 X Tse Vic
1696,Joe Frazier,Tse E2 X Tse Vic
1697,Top 3,Tse E2 X Tse Vic
1698,Thhh,Tse E2 X Tse Vic
1699,Bom Bom,Tse E2 X Tse Vic
1700,John Stevans,Tse E2 X Tse Vic
1701,DRILLTIME,Monewaypeso
1702,Rrevenue,Chilly Chills
1703,Cut Corners,Chilly Chills
1704,Hard to Forgive,Chilly Chills
1705,Woah (New Houdhini),Chilly Chills
1706,Rreally Rround,Chilly Chills
1707,Music to My Ears (Is It New Years),Chilly Chills
1708,Every Time,Chilly Chills
1709,Say No Mo,Chilly Chills
1710,Please,Chilly Chills
1711,Solitary Confinement,Chilly Chills
1712,Eye See,Chilly Chills
1713,Yeah 4 Times,Chilly Chills
1714,Million,Chilly Chills
1715,Blow This,Lul Jody
1716,Sore Dime,Quinn Hayes
1717,Altered,J-Eclectic
1718,I Know,Juicethegod
1719,P3,Juicethegod
1720,Hott $Hitt,Juicethegod
1721,Out the Bricks,Juicethegod
1722,Gummo Remix,Juicethegod
1723,Lost,MK Virgo
1724,Can't You Tell,JG Riff
1725,DARK GEMS,Blake Shepperd
1726,I FXCKING HATE MY LANDLORD!,Blake Shepperd
1727,JEFF BEZOS IS WORSE THAN TED BUNDY,Blake Shepperd
1728,MUST BE LOST!,Blake Shepperd
1729,I FXCKING HATE MY LANDLORD! - Jae Havoc Remix,Blake Shepperd
1730,Ene-izm,Band$
1731,Go Kart,MKE Verified
1732,Fckn,Crush Control
1733,Por Dios,Los Montañosos Flow
1734,Asombrosa Eres,Dj Neneco King
1735,AnyArm,Migo Lee
1736,DC Freestyle Part 3,DJ Madd Od
1737,Floyd Butler Intro / This All I Know / Crawfish (Live),Leon Chavis
1738,Get It Right Now / Cowboy / Rock Your Boat (Live),Leon Chavis
1739,Share My Life (Live),Leon Chavis
1740,Suzy Q / Pour Me up (Live),Leon Chavis
1741,Can We Talk (Live),Leon Chavis
1742,Ride on It (Live),Leon Chavis
1743,Unbreakable (Live),Leon Chavis
1744,The Champ Is Here / It Wasn't Me (Live),Leon Chavis
1745,Boozoo Theme / They Sleeping on Me / Trailride Crush (Live),Leon Chavis
1746,Holla at Me (Live),Leon Chavis
1747,Zydeco Girl / Where My Old Lady at (Live),Leon Chavis
1748,Over (2022 Spring Band),Jackson State Sonic Boom of the South
1749,Super Gremlin (2022 Spring Band),Jackson State Sonic Boom of the South
1750,Bang it out Instrumental,zrfamelystudio
1751,Mundo Azul,Miammar Mixi
1752,Represent Da West,Duna A.K.A. Baby Mac Dre
1753,Crack Baby (feat. J-Diggs),Duna A.K.A. Baby Mac Dre
1754,Bitch (feat. Dubee),Duna A.K.A. Baby Mac Dre
1755,Cutthroat Soup (feat. Keak Da Sneak & B-Legit),Duna A.K.A. Baby Mac Dre
1756,Thizz NW (feat. Pete Rose & Bay B-Real),Duna A.K.A. Baby Mac Dre
1757,Mac Sinatra in Vegas (feat. Mac Dre),Duna A.K.A. Baby Mac Dre
1758,Arrrf?!!!,Duna A.K.A. Baby Mac Dre
1759,Thizzlamic Swang,Duna A.K.A. Baby Mac Dre
1760,Da Cross Over,Duna A.K.A. Baby Mac Dre
1761,"Me N' My Niggaz (feat. B-Legit, Zelly Rock & Ms. Sweetz)",Duna A.K.A. Baby Mac Dre
1762,Suckas Can't Tough It,Duna A.K.A. Baby Mac Dre
1763,I'm Screwed,Duna A.K.A. Baby Mac Dre
1764,Duna,Duna A.K.A. Baby Mac Dre
1765,Represent Da West - Radio Version,Duna A.K.A. Baby Mac Dre
1766,Overtown,J-Eclectic
1767,On These Streets (feat. Jobi Locs & Young Swoop),Yantz
1768,Understand Me (feat. Auggie),Yantz
1769,We Run Dat,Yantz
1770,Our Counties (feat. Yonko G),Yantz
1771,Where I'm From (feat. Villain Brothers),Yantz
1772,Don't Fuck With You (feat. Troublez & Lonely Boy),Yantz
1773,From The Gutta (feat. Rico 2 Smoove & Sneaks),Yantz
1774,Connected (feat. Loc),Yantz
1775,Bout Dat (feat. Joedy Joe & Looney Loc),Yantz
1776,With My Day 1's (feat. Chubbz),Yantz
1777,Turn Shit Up (feat. Rulie & Tito Locs),Yantz
1778,Changes,G. Wayne Thomas
1779,Into the Blue,G. Wayne Thomas
1780,Junkyard I & II,G. Wayne Thomas
1781,Red Sun Sea,G. Wayne Thomas
1782,Slipping Away,G. Wayne Thomas
1783,Changes II,G. Wayne Thomas
1784,(That Could Be the Reason) Clouds Cry,G. Wayne Thomas
1785,Gypsy Shoes,G. Wayne Thomas
1786,Hollywood,G. Wayne Thomas
1787,Space and Time,G. Wayne Thomas
1788,Morning Light,G. Wayne Thomas
1789,Keyshia Cole,BBG CERTI
1790,messy,Sam Salisbury
1791,L,Carrington Shropshire
1792,Responsible Run,Gordon Wilcox
1793,Dark Emotions,Warbag
1794,On The Way,Promise the Gahd
1795,Bandz Took - Remix,YoungAge
1796,Betrayed,MyCrazyRO
1797,Rightful History,Rowan Herrera
1798,Dedication (Intro),Yom
1799,Change,Yom
1800,Interlude 1,Yom
1801,I Pray,Yom
1802,Elevate,Yom
1803,I'm Up,Yom
1804,No More Crooked Lines,Yom
1805,Interlude 2,Yom
1806,Better Me,Yom
1807,Blessings,Yom
1808,As I Walk,Yom
1809,Keep the Faith,Yom
1810,Interlude 3,Yom
1811,Growth,Yom
1812,Oh Yah,Yom
1813,Redemption,Yom
1814,Last Days,Yom
1815,Interlude 4,Yom
1816,Where I Stand (Outro),Yom
1817,Live My LIfe,B3NTLY
1818,The Good the Bad,GVO
1819,Love Somebody,GVO
1820,Frontin',GVO
1821,Pour It Up,GVO
1822,The Feeling,GVO
1823,Always on Time,GVO
1824,FirstMilly,GVO
1825,Crazzzy,GVO
1826,Get to Know Ya,GVO
1827,By My Side,GVO
1828,Workin' That Body,GVO
1829,"Bad Bitch, Pt. 2",GVO
1830,Clap with Hands,Yunuen Kayleeann
1831,Plaques 2 Racks,V12
1832,Down Vermillion,Sons of Vengeance
1833,Seethrough,Sons of Vengeance
1834,Two Words to Hurt,Sons of Vengeance
1835,Outbreak,Sons of Vengeance
1836,Join the Crash,Sons of Vengeance
1837,Locked Inside,Sons of Vengeance
1838,Poser,Sons of Vengeance
1839,Forbidden,Sons of Vengeance
1840,Tattered Revolver,Sons of Vengeance
1841,I'll Come Alive,Berry C. Alcorn
1842,This Ain't Love,Berry C. Alcorn
1843,We All Get Fooled,Berry C. Alcorn
1844,Fine Lady,Berry C. Alcorn
1845,Love Monkey,Berry C. Alcorn
1846,Reggae Woman,Berry C. Alcorn
1847,Don't Spare the Water,Berry C. Alcorn
1848,Wonder Brigade,Berry C. Alcorn
1849,Mi Fuego,Berry C. Alcorn
1850,My Sweet Love,Berry C. Alcorn
1851,2nite,Kill BAM
1852,POW,LILUZI
1853,One Day,G Les Anxious
1854,2 Bad,Jaylaflame
1855,Grandmaster,Addison Mueller
1856,What Would She Know,Asher cataldo
1857,Free Rondo,Nawfside Deuce
1858,thebreakdown CMGTy,Nawfside Deuce
1859,Burried ta me,Nawfside Deuce
1860,ski mask,Nawfside Deuce
1861,Please Deuce,Nawfside Deuce
1862,6iGGest GoriL7a,Nawfside Deuce
1863,SSSSSSSSSSS,Nawfside Deuce
1864,Fukk Dese niggasx2,Nawfside Deuce
1865,Money,Nawfside Deuce
1866,Nawfside,Nawfside Deuce
1867,4rc,Nawfside Deuce
1868,From Da Nawf (ZMIX),Nawfside Deuce
1869,6DoubleGDeuce,Nawfside Deuce
1870,soldierXdojo,Nawfside Deuce
1871,NoHookMF,Nawfside Deuce
1872,broke,Nawfside Deuce
1873,apXdeuce,Nawfside Deuce
1874,GDeuce,Nawfside Deuce
1875,NoHook3,Nawfside Deuce
1876,50kX.22,Nawfside Deuce
1877,FDN4,Nawfside Deuce
1878,Mi Ultimo Aliento,Jor Posada
1879,Mi Corazon y Tus Mentiras,Jor Posada
1880,Las Ganas,Jor Posada
1881,La Vida Me da Sorpresas,Jor Posada
1882,Ansias de Amor,Jor Posada
1883,Me Equivoque Contigo,Jor Posada
1884,Algo Esta Pasando ( Sin Mi ),Jor Posada
1885,Ya Estufas,Jor Posada
1886,Como el Sol,Jor Posada
1887,Recuerdos,Jor Posada
1888,How I Feel,LUCKY3RD
1889,By My Side,Ear Ringers
1890,A Million Miles From Home,Ear Ringers
1891,Intro,Swishahouse
1892,# One Mix,Swishahouse
1893,# One,Swishahouse
1894,Body Rock,Swishahouse
1895,Country Star,Swishahouse
1896,Raised Me,Swishahouse
1897,Ghetto Platinum,Swishahouse
1898,Freestyle,Swishahouse
1899,U Know Me,Swishahouse
1900,Problemz,Swishahouse
1901,Renegade,Swishahouse
1902,No More Pain,Swishahouse
1903,Freestyle,Swishahouse
1904,Just Can't,Swishahouse
1905,Roll Out,Swishahouse
1906,Raise Up,Swishahouse
1907,Beep Freak,Swishahouse
1908,Freestyle,Swishahouse
1909,Freestyle,Swishahouse
1910,Hide,BlueStar
1911,Better Days,Alexus Hill
1912,Asunder,Beneath
1913,Visage,Beneath
1914,"The Departure (Speak, Pt. I)",Beneath
1915,Poultice,Beneath
1916,Worst Eastern,Beneath
1917,The Shining Youth,Beneath
1918,"Welcome Home (Speak, Pt. II)",Beneath
1919,There Was Oposition on W. Montgomery - Screwed & Chopped,Pollie Pop
1920,Grapples on Veterans Memorial - Screwed & Chopped,Pollie Pop
1921,Brawlin on Nalden - Screwed & Chopped,Pollie Pop
1922,Showdown on Kirkwood - Screwed & Chopped,Pollie Pop
1923,Disdain on Bow Lane - Screwed & Chopped,Pollie Pop
1924,Joust Match on Ella - Screwed & Chopped,Pollie Pop
1925,Match Ups on N. Houston Roselyn - Screwed & Chopped,Pollie Pop
1926,Who's the Best on Wilcrest - Screwed & Chopped,Pollie Pop
1927,Beat up That Dork on W. Little York - Screwed & Chopped,Pollie Pop
1928,Striving for Days on Hayes - Screwed & Chopped,Pollie Pop
1929,Push - Kebab & Cream Club Mix,Eric Redd
1930,Push - Big Chief C Club Mix,Eric Redd
1931,Push - Robert Eibach Anthem Mix,Eric Redd
1932,Push - Robert Eibach Anthem Dub Mix,Eric Redd
1933,Mr T Flow,Junipgene
1934,"Can't Let Up, Pt. 2",Cozi the Artist
1935,Beachbilly,Kyle Coulahan
1936,Leave Me Behind,Faith in Failure
1937,The Second Part,Faith in Failure
1938,Crossfire,Black Cats
1939,Childhood,Lil E
1940,Problem (feat. Murph G),Lil E
1941,Hate,Lil E
1942,Solid (feat. D Bo & Kevin Gates),Lil E
1943,I Deserve Ya,Lil E
1944,Runnin' Out,Lil E
1945,Fuckin' Dat (feat. D Bo),Lil E
1946,Businessman,Lil E
1947,Young Wild and Reckless,Lil E
1948,Be About Ya Paypa (feat. Ray Vicks & Nut),Lil E
1949,All Alone,Lil E
1950,Lifestyle,Lil E
1951,Street Life (feat. Kevin Gates),Lil E
1952,Thugged Out (feat. Ralph),Lil E
1953,Put Ya Face on It,Lil E
1954,Joy,Lil E
1955,I Ain't Doin' Des 4 Nun (feat. Joka Slaughtaboi),Lil E
1956,Don't Care,Lil E
1957,Crash (feat. Nut),Lil E
1958,"I’m Good, Pt. 2",Peezy
1959,Summer Sky,Julie Neway
1960,Demon Flow,Snugsworth
1961,Old Fashion Or Ego Trip ?,WeSSmont SSkeme
1962,Jagged Wire,Dillon Roach
1963,Glitch God,36JUNKIE
1964,Coming Through (feat. Pewee),Homeboy Lopez
1965,Work (feat. Lil Cas),Homeboy Lopez
1966,I Just Wanna Smoke (feat. Pewee),Homeboy Lopez
1967,As I Get High (feat. Pewee),Homeboy Lopez
1968,World Wide Hustler (feat. Pewee),Homeboy Lopez
1969,If You Still Down,Homeboy Lopez
1970,Im High,Homeboy Lopez
1971,Point Blank (feat. Pewee),Homeboy Lopez
1972,Linwood Park 2,Homeboy Lopez
1973,Movement,Homeboy Lopez
1974,Smokin on That,Homeboy Lopez
1975,Coming Through Screwed (feat. Pewee),Homeboy Lopez
1976,Work Screwed (feat. Lil Cas),Homeboy Lopez
1977,Point Blank Screwed (feat. Pewee),Homeboy Lopez
1978,Naturistic Human,Plank Mike
1979,WiLD THiNGS,SENGNAW
1980,This World Is Crazy,Lonely Drifter Karen
1981,The Angels Sigh,Lonely Drifter Karen
1982,Passengers Of The Night,Lonely Drifter Karen
1983,The Owl Moans Low,Lonely Drifter Karen
1984,Climb,Lonely Drifter Karen
1985,Casablanca,Lonely Drifter Karen
1986,Professor Dragon,Lonely Drifter Karen
1987,Salvation,Lonely Drifter Karen
1988,Carousel Horses,Lonely Drifter Karen
1989,True Desire,Lonely Drifter Karen
1990,Giselle,Lonely Drifter Karen
1991,No True Woman,Lonely Drifter Karen
1992,La Hierba Canta,Lonely Drifter Karen
1993,Eclectic Tapes,Yota Dora
1994,Suspect,90Rackss
1995,Bella d'estate,Dj Giulio Tartaruga
1996,Ña lo'o maria,Botella musical
1997,Holy Ambition,Mercury Witch
1998,And I Will Ride a Chariot of Light,Mercury Witch
1999,First Crusade,Mercury Witch
2000,Siege of Roses,Mercury Witch
2001,On Letting Go,Mercury Witch
2002,Y'all Ni**az - Slowed,Z-Ro
2003,In My Life - Slowed,Z-Ro
2004,No Bullsh*t - Slowed (feat. Lil’ Head),Z-Ro
2005,Shelter From Tha Storm - Slowed,Z-Ro
2006,Who Could It Be - Slowed (feat. Trae & Dougie D of Guerilla Maab),Z-Ro
2007,Do Whatever - Slowed,Z-Ro
2008,I'm A Gangsta - Slowed (feat. Daz),Z-Ro
2009,I Know You Just A Ho - Slowed (feat. Daz),Z-Ro
2010,Stranger In The Mist - Slowed (feat. Klondike Kat),Z-Ro
2011,Saw'd Off - Slowed,Z-Ro
2012,Lately - Slowed,Z-Ro
2013,"Bang, Bang - Slowed",Z-Ro
2014,I'm A Hustler - Slowed (feat. Daz),Z-Ro
2015,Si Señor,Control Machete
2016,¿Comprendes Mendes?,Control Machete
2017,Manto Estelar,Mœnia
2018,Estabas Ahí,Mœnia
2019,Desiertos,La Ley
2020,Prisioneros De La Piel,La Ley
2021,Robot,Maná
2022,Mentirosa,Maná
2023,La Calle De Las Sirenas,Kabah
2024,"Esperanto (Na, Na, Na)",Kabah
2025,Guitarras Blancas,Los Enanitos Verdes
2026,La Muralla Verde,Los Enanitos Verdes
2027,Si Senor - The IBZ Remix (Bonus Track),Control Machete
2028,The Heartbreak Kid (Intro),Lil Derik
2029,"Thinking, Drinking, Dreaming",Lil Derik
2030,Backup Plan,Lil Derik
2031,Timez 10,Bsgreck
2032,All Cap,Bsgreck
2033,Tweakin,Bsgreck
2034,Inna Stu,Bsgreck
2035,Come On,Bsgreck
2036,No Trust,Bsgreck
2037,2 Options,Bsgreck
2038,Law & Order Freestyle,Bsgreck
2039,No Time Pt. 2,Bsgreck
2040,BulletProof,Bsgreck
2041,Not On Shit,Bsgreck
2042,Stop Da Car,Bsgreck
2043,DND,Bsgreck
2044,Commercials,Blues Company
2045,Invitation To The Blues,Blues Company
2046,Over The City,Blues Company
2047,Shake It Don't Break It,Blues Company
2048,747,Blues Company
2049,Same Old Feeling,Blues Company
2050,Christmas Eve In Germany,Blues Company
2051,The River,Blues Company
2052,Kids,Blues Company
2053,Keepin' The Blues Alive,Blues Company
2054,Blues Is A Feeling,Blues Company
2055,My Guitar And Me,Blues Company
2056,Run Your Finger Through My Hair,Blues Company
2057,MANIFESTING MY REALITY,Karmaa
2058,Sing Pain,Wesley Michael Hayes
2059,Saint,Mike Myz
2060,In My Dreams,ALLiMiin
2061,Fuck Shit,NOHEZZO
2062,Shark bait,Nh-Dmoney
2063,Struggles,Mo Bandz
2064,Menace,Mo Bandz
2065,Chase the Bag,Mo Bandz
2066,Outside,Mo Bandz
2067,Paper Chasing,Mo Bandz
2068,Reckless,Mo Bandz
2069,Nigga What,Mo Bandz
2070,Flexin',Mo Bandz
2071,Straight,Mo Bandz
2072,Fresh,Mo Bandz
2073,Sittin On A Chair,Rich Hardesty
2074,Peaceful Mind,Rich Hardesty
2075,Sunday Morning,Rich Hardesty
2076,The Dooby Song - Old School,Rich Hardesty
2077,Walking Down The Beach,Rich Hardesty
2078,Never Wanna F'n See You Again - Old School,Rich Hardesty
2079,You Turn Me On,Rich Hardesty
2080,I'll Do It For You,Rich Hardesty
2081,Intro,Jaydakay
2082,No Booth,Jaydakay
2083,Misfit,Jaydakay
2084,Gruesome Hit,Jaydakay
2085,Gsr,Jaydakay
2086,By Myself,Jaydakay
2087,Cross Me,Jaydakay
2088,Next Coffin,Jaydakay
2089,Day Dream,Jaydakay
2090,Reaper,Jaydakay
2091,No Fairytale,Jaydakay
2092,4 Me,Jaydakay
2093,Bitch Freestyle,Jaydakay
2094,Dark Place,Jaydakay
2095,12/15,Jaydakay
2096,Coldest Feeling,Jaydakay
2097,Im a Vibe,Mz Blue
2098,La Verdad,Locos Por Juana
2099,Prende,Locos Por Juana
2100,Tantas Veces,Locos Por Juana
2101,Armando,Locos Por Juana
2102,Lo Tienes Todo,Locos Por Juana
2103,Tu Sabes Muy Bien (La Nalga),Locos Por Juana
2104,No Te Preocupes,Locos Por Juana
2105,Fire! (Out In The Streets),Locos Por Juana
2106,De Donde Es? (Imigrante),Locos Por Juana
2107,La Española,Locos Por Juana
2108,Feelin' Good,Locos Por Juana
2109,Calles De Babylon,Locos Por Juana
2110,"Calle Luna, Calle Sol",Locos Por Juana
2111,Hand Advantage,Project Ririsu!
2112,When Time Stopped,Project Ririsu!
2113,Obvious Play,Project Ririsu!
2114,21m,Project Ririsu!
2115,Decentralized,Project Ririsu!
2116,Far Cry From Fantasy,Project Ririsu!
2117,Painless Exposure,Project Ririsu!
2118,Simp City,Project Ririsu!
2119,Lizard Brain,Project Ririsu!
2120,Going Home,Project Ririsu!
2121,Vicious,Project Ririsu!
2122,Headshot,Project Ririsu!
2123,Paper Tower,Project Ririsu!
2124,Still Alive,Project Ririsu!
2125,Dream,Project Ririsu!
2126,Liquid,Project Ririsu!
2127,Optimist,Project Ririsu!
2128,Golden,Solakhyan
2129,R.O.O.F.,LoWlife Molito
2130,Three Feet or So - Live,Carrie Newcomer
2131,Lean in Toward the Light - Live,Carrie Newcomer
2132,The Season of Mercy - Live,Carrie Newcomer
2133,The Beautiful Not Yet - Live,Carrie Newcomer
2134,A Shovel Is a Prayer - Live,Carrie Newcomer
2135,You Can Do This Hard Thing - Live,Carrie Newcomer
2136,Sanctuary - Live,Carrie Newcomer
2137,Breathe in Breathe Out - Live,Carrie Newcomer
2138,The Work of Our Hands - Live,Carrie Newcomer
2139,A Light in the Window - Live,Carrie Newcomer
2140,Cedar Rapids 10 AM - Live,Carrie Newcomer
2141,Help in Hard Times - Live,Carrie Newcomer
2142,Room at the Table - Live,Carrie Newcomer
2143,I Believe - Live,Carrie Newcomer
2144,Geodes - Live,Carrie Newcomer
2145,Silver - Live,Carrie Newcomer
2146,The Gathering of Spirits - Live,Carrie Newcomer
2147,If Not Now - Live,Carrie Newcomer
2148,Rollin,MR. MAGIC
2149,Down South Screwed,Lil Raff
2150,Piya Screwed,Lil Raff
2151,Relax Screwed,Lil Raff
2152,About You Screwed,Lil Raff
2153,Bar None Screwed,Lil Raff
2154,To Young Screwed,Lil Raff
2155,Accident Screwed,Lil Raff
2156,All I Know Screwed,Lil Raff
2157,Club Love Screwed,Lil Raff
2158,Nosy Screwed,Lil Raff
2159,Shout Out Screwed,Lil Raff
2160,Keep on Screwed,Lil Raff
2161,Roll Out Screwed,Lil Raff
2162,To Cold Screwed,Lil Raff
2163,Goodtimes Screwed,Lil Raff
2164,My Block Screwed,Lil Raff
2165,Cold World Screwed,Lil Raff
2166,Dont Know Screwed,Lil Raff
2167,Go Get It Screwed,Lil Raff
2168,Back to the Hood Screwed,Lil Raff
2169,Just One More Song,Denae Joy
2170,Sanctuary Medley,Denae Joy
2171,Revival in the Land,Denae Joy
2172,Words Unspoken,Denae Joy
2173,Mary's Little Lamb,Denae Joy
2174,Open Heart Surgery,Denae Joy
2175,If You Knew How Much I Love Them,Denae Joy
2176,It's Not the First Time (Feat. Daniel Abbott),Denae Joy
2177,The Sun Is Still Shining,Denae Joy
2178,"Sir, Give Me a Drink",Denae Joy
2179,Redeemed,Denae Joy
2180,When the Shepherd Calls,Denae Joy
2181,3x Flow,BMO Yunginz
2182,Too Coo,Chyse
2183,You Got It Made,Chyse
2184,Sheets,Chyse
2185,Whoa,Chyse
2186,F-Out My Way - Remix,Chyse
2187,Natural Beauty,Chyse
2188,Do Re Mi,Chyse
2189,Dirty Looks - Remix,Chyse
2190,Yeah Yeah,Chyse
2191,Sheets - SSMG Dub Step Remix,Chyse
2192,You Got This,Chyse
2193,Top Gun,Greene Reveal
2194,After Party,zrfamelystudio
2195,Restful Music Box,Toddler Songs Kids
2196,Tired Moon,Toddler Songs Kids
2197,Hazy Trance,Toddler Songs Kids
2198,Golden Comforter,Toddler Songs Kids
2199,Nature's Dreamland,Toddler Songs Kids
2200,Nursey Wish,Toddler Songs Kids
2201,Distant Wish,Toddler Songs Kids
2202,Beautiful Pacifier,Toddler Songs Kids
2203,Distant Bedtime,Toddler Songs Kids
2204,Baby Accompaniment,Toddler Songs Kids
2205,Hazy Dream,Toddler Songs Kids
2206,Hushed Music,Toddler Songs Kids
2207,Serene Melody,Toddler Songs Kids
2208,Cozy Wish,Toddler Songs Kids
2209,Calming Tune,Toddler Songs Kids
2210,Soft Pacifier,Toddler Songs Kids
2211,Magical Comforter,Toddler Songs Kids
2212,Twinkling Moon,Toddler Songs Kids
2213,Soothing Dreamland,Toddler Songs Kids
2214,Sleepy Slumber,Toddler Songs Kids
2215,Nocturnal Lullaby,Toddler Songs Kids
2216,Comforting Galaxy,Toddler Songs Kids
2217,Hushed Bedtime,Toddler Songs Kids
2218,Technicolored Bedtime,Toddler Songs Kids
2219,Nature's Background,Toddler Songs Kids
2220,Collateral Space Wave,TopMaru
2221,Elated Iron,Lauryn Casey
2222,Rock and Roll Misery,Convergence Zone
2223,Life of Her Own (1981 Version),Convergence Zone
2224,Brittle Bones (1983 Version),Convergence Zone
2225,Useless Original,Convergence Zone
2226,Strange Day,Convergence Zone
2227,Baby,Convergence Zone
2228,Medley: Different Game / They Came / Hit City / So Intellectual,Convergence Zone
2229,Let's Go Running,Convergence Zone
2230,Reachout,Convergence Zone
2231,Middle of Nowhere (Instrumental),Convergence Zone
2232,Who's with You Now,Convergence Zone
2233,Matsong (Instrumental),Convergence Zone
2234,Mystery of Love,Convergence Zone
2235,Time Has a Way,Convergence Zone
2236,Champagne,5ever
2237,Sauvage Dior,5ever
2238,Trashpit,5ever
2239,KACHING!,5ever
2240,H.A.G.S.,5ever
2241,Bootleg Kardashian,5ever
2242,Amigos Con Beneficios,Angelica Martinez
2243,Goon,The Strangers
2244,Sweet Holly,The Strangers
2245,Dead and Dazed,The Strangers
2246,Fear Your Lies,The Strangers
2247,Shadow,The Strangers
2248,Do The Eyes Sparkle?,The Strangers
2249,Natural Forces,The Strangers
2250,Electric Love,The Strangers
2251,Intro - Album Version (Edited),Camoflauge
2252,Sh*tty Baby - Album Version (Edited),Camoflauge
2253,You Like Rap (Skit) - Album Version (Edited),Camoflauge
2254,Cut Friends - Album Version (Edited),Camoflauge
2255,Get Up Off Me - Album Version (Edited),Camoflauge
2256,Y'all Ni**az Know - Album Version (Edited),Camoflauge
2257,Whatchunoabout - Album Version (Edited),Camoflauge
2258,I Let Rounds Go - Album Version (Edited),Camoflauge
2259,Murda Still Da Case - Album Version (Edited),Camoflauge
2260,Missin My Block - Album Version (Edited),Camoflauge
2261,Raised In Da Ghetto - Album Version (Edited),Camoflauge
2262,Hustler - Album Version (Edited),Camoflauge
2263,Ruff Ni**az - Album Version (Edited),Camoflauge
2264,A Letter - Album Version (Edited),Camoflauge
2265,Guilty - Album Version (Edited),Camoflauge
2266,ID's And Money - Album Version (Edited),Camoflauge
2267,Shake It - Album Version (Edited),Camoflauge
2268,Dat Real Sh*t - Album Version (Edited),Camoflauge
2269,GA Ni**az - Remix (Edit),Camoflauge
2270,Just Like You,Tigera
2271,Mad For Me,Tigera
2272,Aquaman,Tigera
2273,ACTIVATED,RIC SG
2274,Opening Prayer,Called to Glory
2275,Giving of Thanks,Called to Glory
2276,The Greatest God,Called to Glory
2277,His Power,Called to Glory
2278,Great Splendor,Called to Glory
2279,Victory on High,Called to Glory
2280,Exalted One,Called to Glory
2281,Raise Me Up,Called to Glory
2282,Wings of an Angel,Called to Glory
2283,"Glory, Glory",Called to Glory
2284,Filled with Your Joy,Called to Glory
2285,His Praise,Called to Glory
2286,"10,000 Blessings",Called to Glory
2287,Our God Is so Great,Called to Glory
2288,Number One Heaven,Called to Glory
2289,Redeemed Grace,Called to Glory
2290,"Father, Fill Me Up",Called to Glory
2291,Closing Prayer,Called to Glory
2292,Intro,4th Hour
2293,Mocha,4th Hour
2294,Gelato,4th Hour
2295,French Vanilla,4th Hour
2296,Cookies n' Cream,4th Hour
2297,S'mores,4th Hour
2298,Strawberry Lemonade,4th Hour
2299,Cherry,4th Hour
2300,Butter,4th Hour
2301,Magnolia freestyle,2WIN
2302,Tangible Face,Aryanna Zuniga
2303,Man on the Moon,Bustem
2304,Comeback Game Strong,Trilly Polk
2305,Waitin' So Long,Trilly Polk
2306,Get Up,Trilly Polk
2307,Drum Roll,Trilly Polk
2308,Nobody to Call,Trilly Polk
2309,Actin' Bad on Em,Trilly Polk
2310,Bounce That Thang on Me,Trilly Polk
2311,Talk Down,Trilly Polk
2312,I Just,Bossalini Brady
2313,Touch Me,J-Wonn
2314,Quedate,Mj2a
2315,Run Tabby,Kitten Music Therapy
2316,Monday Evening,Kitten Music Therapy
2317,Boy Tail,Kitten Music Therapy
2318,Days Summer,Kitten Music Therapy
2319,Window Scratch,Kitten Music Therapy
2320,Prowling Maine,Kitten Music Therapy
2321,Patchy Playful,Kitten Music Therapy
2322,Boy Balls,Kitten Music Therapy
2323,Sunny American,Kitten Music Therapy
2324,Patches Soft,Kitten Music Therapy
2325,Moment Sleepy,Kitten Music Therapy
2326,Shiny Litter,Kitten Music Therapy
2327,Kitten Tom,Kitten Music Therapy
2328,Shine Marmalade,Kitten Music Therapy
2329,Alley Pipe,Kitten Music Therapy
2330,Balinese The,Kitten Music Therapy
2331,British Relax,Kitten Music Therapy
2332,Indoor Furry,Kitten Music Therapy
2333,Playful Nice,Kitten Music Therapy
2334,Kitty Feline,Kitten Music Therapy
2335,Panther Prowling,Kitten Music Therapy
2336,Pretty Jumping,Kitten Music Therapy
2337,Huggable Baby,Kitten Music Therapy
2338,Favourite Favourite,Kitten Music Therapy
2339,Chilled The,Kitten Music Therapy
2340,Playtime Playful,Kitten Music Therapy
2341,Cymric Cymric,Kitten Music Therapy
2342,Afternoon Purr,Kitten Music Therapy
2343,Favourite Morning,Kitten Music Therapy
2344,Satellite Sky,Pierce Pettis
2345,My Life of Crime,Pierce Pettis
2346,Miriam,Pierce Pettis
2347,Depending On Gravity,Pierce Pettis
2348,Desir,Pierce Pettis
2349,Granddaddy Blew the Whistle,Pierce Pettis
2350,"Absalom, Absalom",Pierce Pettis
2351,This Ain't Love,Pierce Pettis
2352,Affectionate Girl,Pierce Pettis
2353,No Big Deal,Pierce Pettis
2354,Hold On to That Heart,Pierce Pettis
2355,You Move Me,Pierce Pettis
2356,Love's Gonna Carry Me Home,Pierce Pettis
2357,Black Balloon Syndrome,XHAIDEN
2358,Wings of Fallen Angel,Nicolas Muffin
2359,Don't Wanna Hear It Anymore,BLIX10
2360,Go,BLIX10
2361,Waiting for Summer,BLIX10
2362,Sonic Waves,BLIX10
2363,It Hurts,BLIX10
2364,Over Here,Candy Corn
2365,41,Shabazz PBG
2366,Greed,nomen nescio
2367,Techno Sunrise,Elide Haili
2368,Be Great,Xmayne
2369,Last Days,Xmayne
2370,Pocket Watchin,Xmayne
2371,Internet,Xmayne
2372,Start Flakin,Xmayne
2373,One Mic,Xmayne
2374,Swish,Xmayne
2375,Lil Joe,Xmayne
2376,Free Bart,Xmayne
2377,Devils Eye,Ray Ray the Introvert
2378,GOTW,Chosko
2379,POPSHOVE,JANDASH
2380,Can't Hardly Wait,Piano Dreamland
2381,Closing Time,Piano Dreamland
2382,Fireflies,Piano Dreamland
2383,Forget the Lies,Piano Dreamland
2384,Golden,Piano Dreamland
2385,Good as Hell,Piano Dreamland
2386,I Wanna Drive the Zamboni,Piano Dreamland
2387,Jungle Love,Piano Dreamland
2388,Kiss,Piano Dreamland
2389,Knocking on Heaven's Door,Piano Dreamland
2390,Love is the Law,Piano Dreamland
2391,Raspberry Beret,Piano Dreamland
2392,Runaway Train,Piano Dreamland
2393,Somewhere Over the Rainbow,Piano Dreamland
2394,Wildflower,Piano Dreamland
2395,Yesterday,Piano Dreamland
2396,Cuban Links,Rosay Kane
2397,Expensive,Bware
2398,Nothing to Lose,Scandium 21
2399,War of the Dog,Scandium 21
2400,Fantasies,Scandium 21
2401,Colors of Abuse,Scandium 21
2402,Break of Dawn,Scandium 21
2403,You'll See,Scandium 21
2404,Buy Some Rockets,Scandium 21
2405,2 AM,Scandium 21
2406,Self Destruction,Scandium 21
2407,Save the Past,Scandium 21
2408,Evil Grin,Scandium 21
2409,Last Call Blues,Satin Gum
2410,A-Hee-Hee-Hee,Satin Gum
2411,I'm Just a Dog,Satin Gum
2412,Haunt the Jukebox,Satin Gum
2413,Drunk Sleigh Ride,Satin Gum
2414,Spiffy Shit,GoldMouf KeyLo
2415,My Strap,GoldMouf KeyLo
2416,Pee Wee,GoldMouf KeyLo
2417,At da Doe,GoldMouf KeyLo
2418,Tlkn Bout,GoldMouf KeyLo
2419,I’m Back,GoldMouf KeyLo
2420,24/7,GoldMouf KeyLo
2421,Run It Up,GoldMouf KeyLo
2422,Micro,GoldMouf KeyLo
2423,Ride,GoldMouf KeyLo
2424,Wit It,GoldMouf KeyLo
2425,Had 2,GoldMouf KeyLo
2426,Merk Season (Outro),GoldMouf KeyLo
2427,Reminiscing,N4l Swervo
2428,bEEN a LOC,Cezar Godbody
2429,concerta/focus,khiiihv2
2430,We On It,Ivory Wade
2431,God Will Do It,Diamond K
2432,Rocky Places,Doug Conlon
2433,Stay Beautiful,Doug Conlon
2434,Your Smile,Doug Conlon
2435,Dancing Drugstore Darling,Doug Conlon
2436,Opelika,Doug Conlon
2437,Living with Fear,Doug Conlon
2438,Throwing Darts in the Ocean,Doug Conlon
2439,The Sun Will Be Here Soon,Doug Conlon
2440,Peaceful Rain,Doug Conlon
2441,Medicine Kit,Doug Conlon
2442,Tornado,Doug Conlon
2443,Song for Annette,Doug Conlon
2444,Pull and Shake,Doug Conlon
2445,Denver Misses You,Doug Conlon
2446,You Are,Doug Conlon
2447,Mystified by the Moon,Doug Conlon
2448,Blood Stains the Wine,Doug Conlon
2449,Paper Dragons,Doug Conlon
2450,Big 28,JUST BANG
2451,DRAKEO Flow,JUST BANG
2452,Full Circle (feat. Upperclass Murdock),JUST BANG
2453,Accident,JUST BANG
2454,Neiman Marcus,JUST BANG
2455,4 Am In December (feat. Sauce Walka & Rizzoo Rizzoo),JUST BANG
2456,30 Shots,JUST BANG
2457,Cold Cuts,JUST BANG
2458,4 For 4 (feat. Toohda Band$),JUST BANG
2459,My Baby #2,JUST BANG
2460,Heart Broken,JUST BANG
2461,"One Of Them (feat. AFN Peso, Philthy Rich & Seddy Hendrinx)",JUST BANG
2462,Grinch Talk,4ressaTimeBril
2463,Both Feet,Dalton Domino
2464,Havin' Fun,Jr. Melancon and The Come Down Playboys
2465,Quand J'etais Pauvre,Jr. Melancon and The Come Down Playboys
2466,She Didn't Know I Was Married,Jr. Melancon and The Come Down Playboys
2467,Cut Your Toe Nails,Jr. Melancon and The Come Down Playboys
2468,Cajun From Church Point,Jr. Melancon and The Come Down Playboys
2469,Fools Waltz,Jr. Melancon and The Come Down Playboys
2470,Laissez Les Bon Temps Rouler,Jr. Melancon and The Come Down Playboys
2471,Fais Do Do,Jr. Melancon and The Come Down Playboys
2472,Mermentau Waltz,Jr. Melancon and The Come Down Playboys
2473,La Petite Ou La Grosse,Jr. Melancon and The Come Down Playboys
2474,Hicks Wagon Wheel,Jr. Melancon and The Come Down Playboys
2475,Lemonade Song,Jr. Melancon and The Come Down Playboys
2476,Tee Galop Pour Mamou,Jr. Melancon and The Come Down Playboys
2477,Pauver Hobo,Jr. Melancon and The Come Down Playboys
2478,Quoi Faire,Jr. Melancon and The Come Down Playboys
2479,Mirror of Ocean Waves,Ocean Adorations Nature Library
2480,Laid Back Rain Sound,Oceanic Power Music Library
2481,Plentiful Ocean Waves,Brainwave Ocean Sound Project
2482,Summer Forest Sparkle,Ocean Star Studio
2483,Completely Restful Forest,Lane Rory Ocean Library
2484,Ocean Moments,Blue Wave 9D Sounds
2485,Fire Craze,Adams Alluring Nature
2486,Mountain Breeze,California Ocean Waves Music Library
2487,Rainy Thunder Storm,Maria Easy Wave Sounds
2488,Smokey Soothing,Norah Nature Sounds
2489,Seashore and the Birds,Carolines Coastal Rhythms
2490,Off the Shore,Florence Paradise
2491,Forest Spring Days,Watery Leaves 8D Sounds
2492,Lazy Ocean Morning Harmony,Ultimate Tranquility Nature Point
2493,A Night of New York Tennessee Fall,Theta Waves Ocean Music
2494,Random Ocean Lullaby,Silky Ocean Waves Studio
2495,Destroying Thunderstorms,Giant Ocean Nature Music
2496,Soothing Spring Waves,Jackson 3D Oceanic Waves
2497,Early Morning Forest Day,Watery Leaves 8D Sounds
2498,Ocean Power,Ocean Downpour Music Library
2499,Lazy New York Waves,Sams Dancing Waves Music Project
